CASE;LASTPAGE;TIME_RSI;DS01;SD_Erwerbstaetigkeit;SD_Geschlecht;SD_Alter;SD_BeruflicheBildung;SD_BeruflicheBildung_sonstiges;SD_Leitung;SD_Branche;SD_Branche_andere;KIpos_01;KIpos_02;KIneg_03;KIpos_04;KIpos_05;KIneg_06;KIpos_07;KIneg_08;KIneg_09;KIneg_10;KIpos_11;KIpos_12;KIattention;KIpos_13;KIpos_14;KIneg_15;KIpos_16;KIpos_17;KIpos_18;KIneg_19;KIneg_20;PMneuro1;PMehrlich2;PMleistung4;PMneuro5;PMneuro6;PMneuro10;PMextra1;PMneuro9;PMextra6;PMoffen1;PMextra8;PMextra9;PMmacht6;PMsicher1;PMgewissen6;PMneuro2;PMneuro3;PMextra5;PMgewissen1;PMvertrag2;PMgewissen2;PMvertrag3;PMvertrag4;PMsicher5;PMsicher6;PMmacht2;PMmacht4;PMneuro4;PMehrlich3;PMleistung3;PMgewissen3;PMgewissen4;PMvertrag8;PMextra10;PMvertrag9;PMvertrag10;PMleistung1;PMneuro7;PMgewissen8;PMoffen2;PMoffen5;PMgewissen5;PMmacht3;PMextra2;PMoffen3;PMextra7;PMgewissen9;PMgewissen10;PMneuro8;PMoffen4;PMgewissen7;PMoffen6;PMoffen7;PMvertrag1;PMehrlich1;PMvertrag5;PMvertrag7;PMoffen8;PMoffen9;PMoffen10;PMleistung2;PMmacht5;PMsicher2;PMextra3;PMextra4;PMleistung5;PMleistung6;PMmacht1;PMsicher3;PMvertrag6;PMsicher4;PMehrlich4;KIHaeufigkeit_privateNutzung;KIZeitraumPrivateNutzung;KI_beruflicheNutzung;KIUFoerderung;KIZweck;KIZweck_Bericht;KIZweck_Brain;KIZweck_Datenanalyse;KIZweck_Kreativ;KIZweck_Tech;KIZweck_Program;KIZweck_Recherche;KIZweck_TechSup;KIZweck_Text;KIZweck_Sonstiges;KI Aufgaben?: Sonstiges ;KI_SupportU_Zufriedenheit:;KISUWunsch;KIWunsch_Schulung;KIWunsch_Zugang;KIWunsch_UseCase;KIWunsch_Guideline;KIWunsch_Vernetzung;KIWunsch_keineU;KIWunsch_Sonstiges;KISupportUWunsch: Sonstiges
Interview-Nummer (fortlaufend);Seite, die der Teilnehmer zuletzt bearbeitet hat;Ausfüll-Geschwindigkeit (relativ);Datenschutzrechtliche Einwilligung;Erwerbstätigkeit;Geschlecht;Alter (direkt): Ich bin   ... Jahre alt.;Beruflicher Bildungsabschluss;Beruflicher Bildungsabschluss: Sonstiger Abschluss;Leitende Tätigkeit;Branche;Branche: andere Branche;GAAIS: Bei Routinetransaktionen würde ich lieber mit einem künstlich intelligenten System interagieren als mit einem Menschen.;GAAIS: Künstliche Intelligenz kann diesem Land neue wirtschaftliche Möglichkeiten eröffnen.;GAAIS: Organisationen nutzen künstliche Intelligenz auf unethische Weise. (umgepolt);GAAIS: Künstlich intelligente Systeme können Menschen dabei helfen, sich glücklicher zu fühlen.;GAAIS: Ich bin beeindruckt von den Möglichkeiten der künstlichen Intelligenz.;GAAIS: Ich denke, dass künstlich intelligente Systeme viele Fehler machen. (umgepolt);GAAIS: Ich bin daran interessiert, künstlich intelligente Systeme in meinem Alltag zu nutzen.;GAAIS: Ich finde künstliche Intelligenz unheimlich. (umgepolt);GAAIS: Künstliche Intelligenz könnte die Kontrolle über Menschen übernehmen. (umgepolt);GAAIS: Ich halte künstliche Intelligenz für gefährlich. (umgepolt);GAAIS: Künstliche Intelligenz kann positive Auswirkungen auf das Wohlbefinden der Menschen haben.;GAAIS: Künstliche Intelligenz ist spannend.;GAAIS: Bitte klicken Sie auf „Stimme zu“. (Das ist ein Aufmerksamkeitstest);GAAIS: Ein künstlich intelligenter Agent wäre in vielen Routinetätigkeiten besser als ein Mitarbeiter.;GAAIS: Es gibt viele nützliche Anwendungsbereiche für künstliche Intelligenz.;GAAIS: Ich schaudere vor Unbehagen, wenn ich an die zukünftigen Einsatzmöglichkeiten der künstlichen Intelligenz denke. (umgepolt);GAAIS: Künstlich intelligente Systeme können bessere Leistungen erbringen als Menschen.;GAAIS: Ein Großteil der Gesellschaft wird von einer Zukunft voller künstlicher Intelligenz profitieren.;GAAIS: Ich würde künstliche Intelligenz gerne in meinem eigenen Beruf einsetzen.;GAAIS: Menschen wie ich werden darunter leiden, wenn künstliche Intelligenz immer mehr zum Einsatz kommt. (umgepolt);GAAIS: Künstliche Intelligenz wird dazu verwendet, Menschen auszuspionieren. (umgepolt);Big5T: Ich bin eine ängstliche Person.;Big5T: Im privaten Bereich habe ich schon mal Dinge gemacht, die besser nicht an die Öffentlichkeit kommen sollten.;Big5T: Am glücklichsten bin ich dann, wenn viele Menschen mich bewundern und großartig finden, was ich mache.;Big5T: Ich grübele viel über meine Zukunft nach.;Big5T: Oft überwältigen mich meine Gefühle.;Big5T: Ich bin mir in meinen Entscheidungen oft unsicher.;Big5T: Ich bin gerne mit anderen Menschen zusammen.;Big5T: Oft werde ich von meinen Gefühlen hin- und her gerissen.;Big5T: Ich bin ein Einzelgänger. (umgepolt);Big5T: Ich will immer neue Dinge ausprobieren.;Big5T: Ich bin in vielen Vereinen aktiv.;Big5T: Ich bin ein gesprächiger und kommunikativer Mensch.;Big5T: Ich kann Menschen verstehen, die sagen, dass andere Dinge wichtiger sind als Einfluss und Politik. (umgepolt);Big5T: Ich habe schon immer ein starkes Bedürfnis nach Sicherheit und Ruhe verspürt.;Big5T: Auch kleine Bußgelder sind mir sehr unangenehm.;Big5T: Ich fühle mich oft unsicher.;Big5T: Ich verspüre oft eine große innere Unruhe.;Big5T: Im Grunde bin ich oft lieber für mich allein. (umgepolt);Big5T: Ich bin sehr pflichtbewusst.;Big5T: Ich bin ein höflicher Mensch.;Big5T: Meine Aufgaben erledige ich immer sehr genau.;Big5T: Ich helfe anderen, auch wenn man mir es nicht dankt.;Big5T: Ich habe immer wieder Streit mit anderen. (umgepolt);Big5T: Ich träume oft von einem ruhigen Leben ohne böse Überraschungen.;Big5T: Am glücklichsten bin ich dann, wenn ich mich geborgen fühle.;Big5T: Wenn ich die Wahl hätte, würde ich in meinem Leben gerne weltbewegende Entscheidungen treffen.;Big5T: Für mehr Einfluss würde ich auf vieles verzichten.;Big5T: Ich mache mir oft unnütze Sorgen.;Big5T: Ich habe schon mal Dinge weitererzählt, die ich besser für mich behalten hätte.;Big5T: Für mehr Anerkennung würde ich auf vieles verzichten.;Big5T: Ich war schon als Kind sehr ordentlich.;Big5T: Ich gehe immer planvoll vor.;Big5T: Es fällt mir sehr leicht, meine Bedürfnisse für andere zurückzustellen.;Big5T: Ich bin sehr kontaktfreudig.;Big5T: Ich kann mich gut in andere Menschen hineinversetzen.;Big5T: Ich komme immer gut mit anderen aus, auch wenn sie nicht meiner Meinung sind.;Big5T: Ich habe schon immer ein starkes Bedürfnis verspürt nach meinen eigenen Maßstäben der Beste zu sein.;Big5T: Ich bin oft ohne Grund traurig.;Big5T: Ich achte sehr darauf, dass Regeln eingehalten werden.;Big5T: Ich bin ein neugieriger Mensch.;Big5T: Ich diskutiere gerne.;Big5T: Ich habe meine festen Prinzipien und halte daran auch fest.;Big5T: Tief in meinem Innersten gibt es eine Sehnsucht nach Einfluss und Macht.;Big5T: Ich kann schnell gute Stimmung verbreiten.;Big5T: Ich reise viel, um andere Kulturen kennenzulernen.;Big5T: Ich gehe gerne auf Partys.;Big5T: Wenn ich mich einmal entschieden habe, dann weiche ich davon auch nicht mehr ab.;Big5T: Ich mache eigentlich nie Flüchtigkeitsfehler.;Big5T: Ich bin oft nervös.;Big5T: Am liebsten ist es mir, wenn alles so bleibt, wie es ist. (umgepolt);Big5T: Auch kleine Schlampereien stören mich.;Big5T: Ich lerne immer wieder gerne neue Dinge.;Big5T: Ich beschäftige mich viel mit Kunst, Musik und Literatur.;Big5T: Ich achte darauf, immer freundlich zu sein.;Big5T: Ich habe schon mal etwas unterschlagen oder nicht gleich zurückgegeben.;Big5T: Ich bin ein Egoist. (umgepolt);Big5T: Ich würde meine schlechte Laune nie an anderen auslassen.;Big5T: Ich interessiere mich sehr für philosophische Fragen.;Big5T: Ich lese viel über wissenschaftliche Themen, neue Entdeckungen oder historische Begebenheiten.;Big5T: Ich habe viele Ideen und viel Fantasie.;Big5T: Ich habe schon immer ein starkes Bedürfnis nach Anerkennung und Bewunderung verspürt.;Big5T: Am glücklichsten bin ich dann, wenn ich Verantwortung übernehmen kann und wichtige Entscheidungen treffen darf.;Big5T: Wenn ich die Wahl hätte, würde ich ein Leben in Sicherheit und Frieden wählen.;Big5T: Ich bin unternehmungslustig.;Big5T: Ich stehe gerne im Mittelpunkt.;Big5T: Tief in meinem Innersten gibt es eine Sehnsucht danach der Beste sein zu wollen.;Big5T: Ich träume oft davon, berühmt zu sein.;Big5T: Ich träume oft davon, wichtige Entscheidungen für Politiker oder andere mächtige Menschen zu treffen.;Big5T: Für ein sicheres Leben ohne böse Überraschungen würde ich auf vieles verzichten.;Big5T: Wenn mir jemand hilft, erweise ich mich immer als dankbar.;Big5T: Tief in meinem Innersten gibt es eine Sehnsucht nach Ruhe und Geborgenheit.;Big5T: Ich habe schon mal über andere gelästert oder schlecht über sie gedacht.;KI Turnus private Nutzung;Seit wann nutzen Sie KI?;Berufliche Nutzung;KI Unternehmen Förderung;KI Aufgaben?: Ausweichoption (negativ) oder Anzahl ausgewählter Optionen;KI Aufgaben?: Berichterstellung (z.B. Berichte, Artikel);KI Aufgaben?: Brainstorming;KI Aufgaben?: Datenanalyse;KI Aufgaben?: Kreative Inhalte (Bilder, Grafiken, Videos);KI Aufgaben?: No-Code-Programmierung (ohne Programmierkenntnisse);KI Aufgaben?: Programmierung (mit Programmierkenntnissen);KI Aufgaben?: Recherche;KI Aufgaben?: technischer Support (bei IT Problemen);KI Aufgaben?: Textgenerierung (z.B. E-Mails);KI Aufgaben?: Sonstiges;KI Aufgaben?: Sonstiges (offene Eingabe);KI_SupportU_Zufriedenheit: Wie zufrieden sind Sie mit der aktuellen Unterstützung Ihres Unternehmens beim Einsatz von KI?;KISupportUWunsch: Ausweichoption (negativ) oder Anzahl ausgewählter Optionen;KISupportUWunsch: Schulungen / Workshops;KISupportUWunsch: Zugang zu KI-Tools;KISupportUWunsch: Konkrete Anwendungsbeispiele (Use-Cases);KISupportUWunsch: Interne Guidelines (Verhaltenskodex);KISupportUWunsch: Austausch / Vernetzung mit Kollegen und Kolleginnen;KISupportUWunsch: Keine zusätzliche Unterstützung nötig;KISupportUWunsch: Sonstiges;KISupportUWunsch: Sonstiges (offene Eingabe)
290;13;2,37;2;1;2;31;2;;1;6;;4;4;4;4;4;2;4;4;4;3;4;4;4;4;4;4;4;4;4;4;4;3;4;3;3;3;3;3;3;3;3;1;3;1;3;3;3;3;3;3;3;3;3;4;3;4;2;2;3;4;3;3;2;3;3;3;3;3;3;3;3;1;2;1;3;2;3;2;2;3;2;3;3;2;3;4;2;3;2;1;3;3;1;3;3;2;3;2;1;3;3;3;3;5;3;4;;4;1;2;1;2;1;1;2;1;2;1;;3;5;2;2;2;2;2;1;1;
299;13;1,53;2;1;2;37;4;;1;5;;5;5;1;5;5;1;5;2;1;1;5;5;4;5;5;1;5;5;5;2;1;3;2;3;3;2;4;3;4;2;2;1;3;1;3;1;1;4;4;4;4;4;4;4;4;4;3;2;3;2;2;4;4;4;4;4;4;3;2;4;4;2;3;1;4;4;2;2;3;1;2;4;3;2;4;1;4;2;3;4;4;4;4;3;4;2;4;4;2;3;4;4;3;5;1;4;;5;2;2;2;1;1;1;2;1;2;1;;1;3;1;2;1;2;2;1;1;
304;13;0,88;2;1;2;38;2;;1;4;;2;4;2;4;4;4;4;3;2;2;4;4;4;4;4;2;4;4;4;3;3;2;2;1;1;1;1;3;1;4;2;1;3;2;4;4;1;3;2;3;4;4;4;4;4;3;3;3;1;1;1;3;3;3;3;4;4;2;1;3;3;2;3;1;4;2;3;3;3;1;2;2;2;2;4;1;4;3;3;2;3;1;2;4;3;2;1;1;1;4;4;4;3;4;3;1;;;;;;;;;;;;;;3;3;2;1;2;2;1;1;1;
306;13;0,93;2;1;1;39;2;;1;7;;4;5;4;4;5;5;5;5;5;5;5;4;4;5;5;5;5;5;5;5;3;1;3;1;3;2;1;2;2;2;1;2;3;1;4;1;1;2;1;2;4;3;4;3;1;3;1;1;4;2;1;2;2;2;3;4;4;1;3;3;2;3;3;1;4;2;2;2;2;2;1;1;2;1;4;1;3;2;2;3;4;1;1;4;2;1;1;1;1;2;3;4;2;5;4;2;;1;1;1;1;1;1;1;2;1;1;1;;2;1;1;1;1;1;1;1;2;Gesetze
320;13;0,88;2;1;1;42;4;;2;8;Chemieindustrie ;3;2;4;2;5;3;4;4;2;2;3;4;4;4;5;2;4;4;4;4;4;2;3;2;1;1;1;2;1;2;1;1;2;1;3;2;1;3;1;4;3;4;3;4;3;3;2;1;1;2;1;2;4;3;2;3;3;3;1;3;4;3;4;2;4;2;2;3;3;2;2;4;3;2;3;2;3;2;2;3;3;3;3;4;2;3;3;2;1;3;3;3;3;3;1;2;;3;1;2;2;1;1;1;2;1;1;1;;3;2;1;1;2;2;1;1;1;
332;13;1,06;2;1;2;52;2;;1;7;;4;2;2;1;3;1;1;1;1;1;1;4;4;2;4;2;3;3;2;3;3;2;1;3;3;3;2;3;2;3;3;3;2;1;3;3;2;2;2;3;3;3;3;4;4;4;4;2;2;3;2;1;2;3;2;3;3;2;2;3;3;2;2;2;3;3;2;2;3;2;2;2;3;2;4;1;4;4;2;2;3;2;2;3;3;2;1;1;2;2;3;3;3;2;1;1;;;;;;;;;;;;;;2;5;2;2;2;2;2;1;1;
334;13;0,7;2;1;1;35;4;;2;5;;2;5;3;2;5;3;4;4;2;2;4;4;4;4;5;3;4;1;4;2;3;1;2;3;2;1;1;4;1;3;3;2;4;2;3;3;1;2;2;3;2;3;3;4;2;3;3;2;1;3;2;4;2;2;4;3;4;4;1;3;4;4;4;2;3;1;2;1;2;3;2;4;4;3;3;2;1;2;3;2;4;3;2;4;3;3;3;1;2;3;3;4;3;3;3;4;;2;1;1;1;1;1;2;1;2;1;1;;3;1;1;1;1;1;1;1;2;Ausarbeitung konkreter Agents für meine Ansprüche
336;13;1,55;2;1;2;26;2;;1;6;;4;4;3;2;5;2;4;2;4;3;4;4;4;4;4;3;4;4;4;2;2;3;3;3;3;3;3;2;3;2;2;2;2;2;3;3;3;3;2;4;4;4;3;3;3;4;3;1;2;3;3;4;4;3;1;4;3;3;3;3;2;2;3;1;2;2;2;3;4;3;2;3;2;2;4;3;3;3;3;2;3;3;3;3;2;1;3;2;2;3;3;3;2;4;3;4;;7;2;2;2;2;1;1;2;2;2;1;;3;3;2;2;2;1;1;1;1;
346;13;1,14;2;1;1;34;3;;2;7;;4;4;3;4;5;3;4;4;4;3;4;4;4;3;4;2;3;3;4;3;2;2;3;3;4;2;2;3;2;2;3;2;3;3;3;2;2;3;2;3;3;3;3;3;3;3;3;3;3;3;3;2;3;2;3;3;3;3;2;4;3;2;3;2;3;3;3;3;2;3;3;3;3;3;4;3;3;2;3;3;3;3;3;3;3;3;3;3;2;3;3;3;3;3;2;3;;3;1;2;1;2;1;1;2;1;1;1;;2;2;1;2;2;1;1;1;1;
350;13;1,16;2;1;2;20;4;;2;8;Handwerk im Büro ;3;4;3;4;5;2;4;2;5;2;4;5;4;2;4;4;4;4;4;5;3;3;2;1;3;3;3;4;3;4;3;1;3;2;2;2;2;3;4;3;4;2;4;3;3;4;1;2;4;4;2;2;3;4;4;4;4;2;3;2;3;3;3;1;3;3;4;2;2;2;3;2;3;1;4;3;4;2;1;1;1;1;1;4;4;1;1;1;1;4;4;4;3;4;2;3;;3;1;1;1;1;1;1;2;2;2;1;;3;1;1;1;1;1;1;2;1;
355;13;1,22;2;1;1;24;4;;1;6;;4;4;2;4;4;3;4;3;2;2;4;4;4;4;4;4;2;3;4;4;2;1;2;3;3;1;1;3;3;3;2;2;4;2;3;3;1;3;3;3;4;3;3;4;2;3;3;3;2;3;3;2;3;3;2;3;3;2;1;2;3;3;3;3;3;2;1;2;3;2;3;3;3;2;4;2;3;3;3;2;3;3;3;3;3;2;2;2;3;1;3;3;3;5;3;4;;5;2;2;1;1;2;2;1;1;2;1;;4;5;2;2;2;2;2;1;1;
358;13;1,33;2;1;2;61;4;;1;7;;4;4;2;4;5;3;4;4;2;2;4;4;4;5;5;2;4;4;4;2;3;3;2;2;2;2;2;3;2;3;3;2;3;2;2;2;2;2;3;3;3;3;3;4;2;3;2;1;3;2;2;2;2;2;3;3;3;2;2;3;3;3;2;1;3;3;2;2;2;2;4;2;3;3;3;1;2;2;3;2;3;2;2;3;3;2;2;2;1;3;3;3;3;2;2;2;;4;2;2;1;1;1;1;2;1;2;1;;3;3;2;2;1;1;2;1;1;
360;13;1,33;2;1;2;22;5;Studiere aktuell ;1;1;;2;3;2;4;5;2;4;3;1;2;4;4;4;3;4;2;3;4;4;3;3;1;1;2;3;3;1;4;2;3;2;1;4;3;3;4;1;2;3;3;4;3;4;3;1;3;2;2;2;3;1;2;3;2;4;4;3;4;2;3;4;3;4;1;4;2;1;4;2;1;3;3;4;2;4;2;4;4;4;4;3;2;3;4;4;3;3;1;2;2;4;2;3;5;3;5;;7;2;2;2;2;1;1;2;2;2;1;;3;1;1;1;1;1;1;1;2;IT
361;13;1,9;2;1;2;27;4;;1;4;;2;4;3;3;5;1;4;3;4;2;4;5;4;3;4;4;3;4;4;4;3;3;3;3;4;4;2;3;2;3;3;1;4;2;3;1;2;3;3;3;3;3;4;4;4;3;2;2;3;3;2;1;3;3;3;1;3;3;2;3;3;4;3;1;3;3;3;2;1;3;3;1;3;3;4;2;3;2;3;3;4;3;3;4;3;2;3;1;1;3;3;3;2;4;3;3;;3;1;2;1;1;1;1;1;2;2;1;;3;3;1;2;2;2;1;1;1;
362;13;0,95;2;1;2;32;4;;1;7;;4;4;3;4;3;1;4;3;5;1;4;4;4;3;5;4;4;4;4;5;2;3;2;1;3;3;3;3;4;3;2;1;3;2;4;4;3;4;2;4;3;3;3;2;4;4;1;1;4;4;1;2;3;3;2;4;2;4;4;3;4;4;4;1;2;1;2;2;2;3;4;2;3;3;3;3;3;3;4;2;3;2;1;4;3;1;3;1;1;4;3;4;3;3;1;3;;2;1;1;1;1;1;1;2;1;2;1;;1;4;2;2;2;2;1;1;1;
365;13;1,09;2;1;2;36;4;;1;6;;2;5;4;3;4;4;4;1;4;2;4;4;4;2;4;4;3;4;4;4;4;1;1;3;3;3;2;4;2;4;2;3;4;1;3;4;2;2;4;4;4;4;4;3;2;4;1;1;3;3;1;3;4;3;4;3;3;4;1;4;4;4;3;2;4;1;3;3;3;3;2;4;4;3;4;1;4;3;1;2;1;3;4;4;4;3;4;1;1;3;4;3;3;3;2;4;;4;1;2;1;1;1;1;2;2;2;1;;3;1;1;1;2;1;1;1;1;
382;13;1,49;2;1;2;32;3;;1;4;;1;3;4;3;3;3;2;3;4;3;3;3;4;2;3;3;3;3;2;3;3;2;2;2;3;2;2;3;2;2;2;1;3;2;3;3;2;1;3;4;4;4;4;4;4;4;2;2;3;3;2;4;4;4;3;3;3;3;1;3;3;2;3;1;3;1;1;3;3;1;1;4;2;1;4;3;4;2;1;2;3;1;2;4;2;1;3;1;2;4;4;3;4;2;3;2;;3;1;1;1;2;1;1;2;1;2;1;;3;1;1;1;1;1;1;2;1;
383;13;0,93;2;1;1;35;2;;2;7;;3;4;1;1;2;1;3;4;5;1;2;3;4;3;3;2;1;3;3;1;1;2;2;3;4;2;2;3;2;3;4;3;4;2;4;3;2;3;3;4;4;4;3;4;4;4;4;3;3;2;2;2;3;3;3;3;3;2;1;4;4;4;4;2;4;1;4;3;3;2;3;4;4;4;4;1;3;3;1;4;4;2;2;4;3;2;2;3;4;3;4;4;4;3;3;2;;1;1;1;1;1;1;1;2;1;1;1;;1;3;2;1;2;2;1;1;1;
390;13;1,38;2;1;2;26;3;;2;1;;1;3;2;3;4;2;4;2;1;1;4;4;4;3;4;2;2;2;1;1;3;1;3;3;2;3;1;2;2;1;2;1;2;1;4;2;1;2;2;3;4;4;4;3;2;4;1;1;4;2;2;1;4;3;2;2;2;3;2;3;2;4;4;1;4;2;1;3;3;3;2;4;3;2;3;3;4;2;2;3;2;2;2;3;2;3;2;1;1;2;4;4;4;4;3;1;;;;;;;;;;;;;;2;1;1;1;1;1;1;2;1;
396;13;0,7;2;1;2;33;4;;1;4;;2;3;2;3;4;2;4;3;2;2;4;4;4;2;4;2;2;3;2;2;4;2;1;3;2;3;2;3;3;2;2;1;2;2;3;4;3;3;1;3;4;3;4;3;3;4;3;2;3;3;2;3;3;4;2;3;3;3;2;4;2;3;3;2;3;1;1;3;3;2;2;3;3;2;4;3;3;4;2;2;2;2;3;4;2;2;3;3;3;3;4;4;3;3;1;2;;1;1;1;1;1;1;1;1;1;2;1;;4;1;1;1;1;1;1;2;1;
397;13;1,06;2;1;2;27;4;;1;4;;3;4;3;2;4;2;4;5;5;4;3;4;4;2;4;4;2;3;4;4;5;2;3;2;3;3;3;3;3;3;4;4;3;1;3;3;2;2;3;3;3;3;4;3;3;4;3;1;2;2;1;2;2;3;3;3;3;3;2;3;3;3;2;1;3;4;4;3;2;2;3;3;3;3;4;2;4;3;2;3;4;2;2;3;3;2;1;1;1;2;4;3;3;4;3;1;;;;;;;;;;;;;;3;2;1;2;2;1;1;1;1;
413;13;1,25;2;1;2;33;4;;1;8;Lebensmittel;4;4;3;4;5;2;4;2;4;2;4;4;4;4;4;2;3;4;5;4;4;3;4;2;3;3;3;3;3;3;4;1;3;2;3;2;3;4;2;3;3;4;3;3;2;2;1;2;3;3;2;4;4;2;3;3;3;4;2;3;4;3;4;2;3;2;3;3;4;3;3;2;4;3;3;1;2;2;2;4;3;2;3;2;3;3;4;2;2;2;3;2;3;5;2;5;;6;2;2;2;2;1;1;1;2;2;1;;3;1;1;1;1;1;1;2;1;
421;13;0,91;2;1;1;34;3;;1;7;;4;4;1;1;4;2;4;2;2;2;2;4;4;3;4;2;4;2;4;3;1;3;4;3;4;3;3;2;2;2;2;2;3;2;3;3;3;3;2;4;2;3;3;3;4;4;2;1;4;3;2;1;3;2;2;3;2;4;3;2;3;3;3;2;1;2;2;3;2;3;2;3;3;2;3;3;3;2;4;3;3;3;2;4;2;2;3;2;1;3;3;4;3;4;3;3;;4;1;2;1;2;1;1;2;1;2;1;;3;2;2;1;1;1;2;1;1;
423;13;0,71;2;1;2;34;4;;1;7;;3;3;2;2;4;2;2;1;3;2;3;4;4;4;4;2;4;2;2;2;2;3;2;2;3;2;4;3;2;4;2;1;2;1;3;3;4;2;3;2;3;2;3;4;4;4;1;1;3;3;2;1;2;3;2;3;4;2;2;3;3;3;3;1;2;2;2;2;2;3;2;3;3;2;4;3;2;3;3;2;2;2;2;4;2;2;2;2;1;3;4;4;3;1;;3;2;2;1;1;2;1;1;1;1;1;2;1;;2;2;2;1;1;2;1;1;1;
442;13;1,31;2;1;2;23;2;;1;6;;1;4;3;3;4;4;3;3;5;2;4;3;4;2;4;4;2;4;3;3;5;3;1;1;2;3;3;3;4;3;2;2;2;1;4;4;3;2;3;4;4;4;3;3;4;4;1;1;3;2;1;3;2;3;2;2;4;2;2;4;4;2;2;1;2;1;2;2;3;3;1;3;3;1;4;2;4;3;1;2;1;1;2;4;2;1;1;1;1;3;4;4;3;2;2;3;;2;2;1;1;1;1;1;1;1;2;1;;3;2;2;1;2;1;1;1;1;
445;13;0,53;2;1;1;28;3;;1;8;Logistik;4;4;3;2;4;3;4;4;3;3;3;4;4;4;4;4;3;4;3;4;4;1;1;2;3;2;2;3;2;3;3;2;3;2;3;2;2;2;3;3;3;4;3;3;2;3;2;1;2;1;1;4;3;3;3;3;3;2;2;3;3;3;2;1;3;3;3;2;2;2;2;3;3;2;3;1;4;3;2;2;3;2;3;3;4;2;2;1;1;2;3;3;2;4;2;4;;5;1;2;2;1;1;1;2;2;2;1;;3;1;1;1;1;1;1;2;1;
450;13;1,78;2;1;2;24;4;;1;8;Energie;3;4;3;2;2;2;2;3;4;3;3;3;4;2;3;2;2;3;2;2;4;3;1;3;3;2;2;2;2;2;2;2;2;2;3;4;3;3;2;4;3;4;2;4;3;4;2;2;3;2;2;2;4;2;2;3;2;4;2;4;2;2;4;3;2;1;1;3;3;2;2;4;2;3;3;2;2;3;2;1;2;3;3;4;3;2;4;2;2;3;3;4;2;2;2;1;;;;;;;;;;;;;;3;2;2;1;2;1;1;1;1;
454;13;0,98;2;1;2;28;4;;1;4;;2;4;3;3;4;2;3;2;2;2;3;4;4;3;4;2;3;3;3;3;3;2;3;2;4;4;4;4;4;3;3;3;3;2;4;3;3;4;2;3;3;3;3;4;4;4;1;1;4;3;1;4;3;2;3;4;4;3;3;2;4;2;3;1;3;3;2;2;2;3;2;3;3;3;3;2;3;2;3;3;3;2;1;4;4;3;1;1;1;3;3;4;3;5;3;3;;3;2;2;1;1;1;1;1;1;2;1;;3;1;1;1;1;1;1;2;1;
458;13;1,56;2;1;2;35;4;;2;6;;4;5;3;4;5;3;5;4;2;2;5;5;4;5;5;2;5;3;4;3;2;3;4;3;4;3;3;2;3;3;2;1;3;2;4;4;3;3;1;4;3;4;4;3;4;4;3;2;3;4;2;2;2;3;2;4;3;4;3;4;2;3;4;2;3;1;1;2;3;3;2;4;2;2;4;1;2;2;3;2;4;3;4;4;1;3;3;1;3;4;4;4;3;4;1;4;;3;1;2;1;1;1;1;1;2;1;2;Übersetzung ;4;2;1;2;2;1;1;1;1;
459;13;1,16;2;1;2;20;1;;1;4;;4;4;3;3;4;1;4;3;4;2;4;4;4;3;5;3;3;4;4;4;4;2;2;3;4;2;3;4;2;3;3;4;4;1;3;4;2;3;3;4;4;3;4;4;2;4;1;2;2;3;2;4;4;3;4;4;3;4;2;4;3;2;3;1;3;2;3;2;2;2;2;4;3;1;4;2;3;3;2;2;2;2;1;3;4;2;3;1;1;2;4;3;2;4;3;4;;3;1;2;1;1;1;1;2;1;2;1;;3;2;1;2;1;1;2;1;1;
460;13;1,36;2;1;2;32;2;;1;4;;2;3;2;4;3;2;3;3;1;2;4;4;4;4;4;2;3;2;3;2;2;4;4;2;4;4;4;3;4;4;3;2;3;1;3;4;4;4;4;4;4;4;4;4;3;4;2;1;4;3;1;1;3;3;3;4;4;2;3;4;3;1;3;1;4;3;3;2;2;4;2;3;3;4;4;1;3;4;2;2;3;1;1;4;4;2;1;3;1;3;3;2;3;1;;1;-1;;;;;;;;;;;;;3;2;1;1;2;2;1;1;1;
461;13;1,1;2;1;1;33;4;;2;4;;2;4;5;3;4;3;4;5;4;5;4;5;4;2;4;4;4;4;5;4;4;1;3;3;4;2;2;3;3;2;1;1;2;2;3;4;2;2;3;3;3;3;3;2;4;2;3;2;2;4;2;1;3;3;2;3;2;4;2;2;3;4;3;3;3;2;2;3;2;2;3;3;3;2;3;3;3;2;3;1;1;3;4;3;2;3;4;2;2;3;3;3;4;4;1;4;;3;1;1;2;1;1;1;2;2;1;1;;2;2;2;1;2;1;1;1;1;
462;13;1,28;2;1;2;36;5;Industriefachwirt ;1;8;Chemie;2;4;3;4;5;2;4;4;2;4;4;5;4;4;4;4;2;4;4;2;3;3;2;2;2;2;2;4;2;4;3;3;4;2;2;3;2;2;4;3;3;3;3;3;2;3;3;2;2;4;2;2;2;2;4;3;3;3;1;3;3;2;3;2;3;3;3;2;2;2;2;3;3;1;3;2;3;3;2;2;3;2;2;3;3;2;3;2;1;3;3;3;3;5;1;5;;1;1;1;1;1;1;1;1;1;2;1;;3;2;1;2;1;1;2;1;1;
467;13;1,11;2;1;2;48;2;;1;6;;4;4;3;4;4;4;4;3;3;3;4;4;4;2;4;3;3;4;4;3;4;2;1;1;3;2;3;3;2;2;2;1;4;2;3;3;3;3;2;4;4;3;3;3;1;3;2;1;3;2;1;3;3;3;4;3;3;3;2;3;4;4;3;2;3;3;3;2;1;3;2;3;2;1;4;1;3;2;1;1;3;2;2;4;3;3;2;3;3;3;4;3;3;3;2;2;;1;1;1;1;1;1;1;1;1;2;1;;3;1;1;1;2;1;1;1;1;
468;13;0,71;2;1;1;35;3;;1;6;;3;5;4;4;4;3;4;4;4;4;4;4;4;4;4;4;4;4;4;4;4;2;1;2;3;2;2;2;2;2;2;1;2;2;3;1;2;2;2;4;3;4;4;4;3;3;2;2;2;2;2;3;3;3;2;3;3;3;2;4;3;2;3;2;2;1;2;3;2;2;3;3;3;2;3;2;3;3;3;2;2;2;3;3;2;2;3;2;2;3;3;3;2;4;3;4;;5;1;2;2;1;1;1;2;2;2;1;;4;1;1;1;1;1;1;2;1;
471;13;1,24;2;1;2;28;2;;1;8;Baubranche;3;4;3;4;5;2;4;1;2;1;4;5;4;3;4;2;3;3;4;3;2;2;1;3;4;3;3;3;3;2;2;1;3;2;4;2;3;3;2;3;3;3;4;3;3;3;3;2;2;2;2;2;2;3;3;4;3;3;1;3;3;3;3;2;3;2;2;2;2;3;3;2;3;3;3;1;4;2;3;3;3;3;3;3;3;3;2;4;2;3;4;4;2;5;2;4;;4;1;2;1;1;1;1;2;2;2;1;;3;2;1;2;1;2;1;1;1;
472;13;1,09;2;1;1;29;4;;1;2;;5;5;3;5;5;2;5;2;2;2;5;5;4;4;5;3;4;5;5;2;1;2;4;2;4;3;3;3;3;2;3;2;3;1;3;4;2;4;1;3;4;4;4;3;3;3;3;2;3;2;1;1;3;3;2;4;3;4;3;2;4;3;4;3;4;4;3;3;1;3;3;3;4;3;4;2;3;2;4;3;4;3;3;3;3;2;4;1;4;2;4;3;3;4;3;3;;2;1;1;2;1;1;1;2;1;1;1;;1;5;2;2;2;2;2;1;1;
474;13;1,05;2;1;2;30;4;;1;1;;2;4;3;4;4;1;4;2;1;1;4;4;4;5;4;2;1;4;4;3;2;2;2;3;3;3;3;2;3;2;2;1;2;2;3;2;3;2;2;4;4;4;3;2;3;4;2;2;3;2;2;3;3;2;2;3;3;2;2;3;3;1;3;1;2;3;3;3;3;3;2;3;3;2;3;2;3;3;1;1;3;2;2;4;3;2;3;1;1;3;3;3;3;5;2;2;;4;1;2;1;1;1;1;1;2;2;2;Übersetzung;2;1;1;1;1;1;1;1;2;Tägliche to dos
494;13;1,06;2;1;2;38;4;;2;6;;4;4;2;4;4;3;4;4;4;4;4;4;4;4;4;4;4;4;4;4;3;2;2;3;3;3;2;3;2;3;3;1;3;3;2;2;2;3;3;3;3;3;3;3;2;3;3;3;2;3;3;3;3;3;3;3;3;3;2;3;3;3;3;3;3;3;3;3;3;2;3;3;3;2;3;2;3;2;3;2;3;3;3;3;3;3;3;2;3;2;3;2;3;5;2;5;;6;2;2;2;2;1;1;2;1;2;1;;2;3;2;2;1;2;1;1;1;
498;13;0,77;2;1;2;29;4;;2;5;;2;5;4;3;5;3;4;4;4;4;4;4;4;4;5;4;3;3;4;5;5;3;3;4;3;4;3;3;4;3;3;3;2;1;3;2;2;2;2;3;3;3;4;3;2;4;2;2;3;1;2;3;3;2;3;3;4;3;2;3;3;4;2;3;3;2;3;3;3;2;3;3;4;2;3;2;3;3;2;2;2;3;2;3;3;2;3;1;1;2;3;3;4;3;3;5;;3;1;1;1;1;1;2;1;2;2;1;;3;3;1;2;1;2;2;1;1;
503;13;1,58;2;1;2;24;4;;1;2;;3;4;3;3;4;2;4;2;1;1;4;4;4;3;3;2;3;2;2;2;2;2;1;2;3;2;3;4;2;4;3;3;4;2;2;3;2;2;3;4;4;4;4;4;3;3;2;2;4;1;2;3;3;3;4;4;3;2;2;3;3;1;3;1;3;3;3;3;3;2;3;3;3;2;4;2;4;4;3;3;3;2;3;3;3;1;1;1;1;2;3;2;2;4;2;3;;4;1;2;1;2;1;1;2;1;2;1;;2;4;2;2;2;1;2;1;1;
504;13;0,72;2;1;1;29;3;;1;8;Ingenieurwesen Elektro ;4;4;3;3;5;2;4;2;4;2;4;4;4;4;5;3;4;3;4;4;2;2;3;3;4;4;3;4;4;2;4;3;2;2;3;2;2;2;3;3;4;4;3;4;4;4;2;2;2;2;2;3;4;2;2;4;4;3;1;3;3;2;4;1;3;2;4;4;4;3;2;4;4;3;4;2;3;3;1;3;3;2;2;4;4;2;3;2;1;2;4;4;3;4;3;3;;4;1;1;2;2;1;1;1;2;2;1;;3;1;1;2;1;1;1;1;1;
509;13;1,48;2;1;2;25;4;;1;4;;3;4;2;1;5;2;4;4;4;3;4;5;4;4;4;4;3;4;4;4;4;2;3;3;3;2;1;4;2;2;4;3;4;3;4;4;2;3;2;4;4;3;4;4;3;2;3;3;1;3;2;3;2;4;4;4;4;3;2;3;4;3;4;3;4;3;3;3;3;2;4;3;4;4;4;2;3;3;4;4;4;3;3;4;4;3;1;1;2;4;4;2;3;3;1;3;;3;1;2;1;1;1;1;1;2;2;1;;3;2;1;2;2;1;1;1;1;
511;13;1,64;2;1;2;25;2;;1;2;;4;4;3;2;4;2;5;5;3;3;4;4;4;4;4;3;2;3;4;3;4;2;4;3;2;3;3;3;3;4;3;1;4;1;4;1;3;3;3;2;3;3;4;3;3;4;2;3;3;4;3;2;3;3;4;3;3;3;2;3;3;3;3;2;3;4;4;3;2;3;2;2;3;4;4;3;3;2;3;2;3;3;3;4;3;3;3;3;2;3;3;4;4;4;2;4;;3;1;1;2;1;1;1;2;1;2;1;;1;4;2;2;2;2;1;1;1;
518;13;0,9;2;1;1;60;4;;2;2;;4;5;3;4;5;4;5;4;2;2;4;5;4;5;5;4;4;4;4;5;4;1;3;2;2;1;1;2;1;2;4;1;3;2;2;1;1;1;2;4;4;3;2;3;1;2;3;2;2;2;2;2;3;2;2;4;3;3;1;3;4;4;3;2;3;4;2;3;3;1;3;3;4;4;4;2;2;3;4;4;4;3;2;2;4;2;3;3;2;2;4;2;3;5;2;5;;4;1;2;2;2;1;1;2;1;1;1;;4;2;1;1;1;1;2;2;1;
523;13;1,16;2;1;2;23;1;;1;4;;3;5;5;4;5;4;4;5;5;4;5;5;4;4;5;5;5;5;5;5;5;2;1;2;2;1;2;4;1;3;4;1;3;2;4;3;1;2;3;4;4;3;3;4;2;2;1;1;1;2;1;4;4;2;2;4;4;2;1;3;4;3;2;1;3;4;3;2;1;2;4;1;4;4;3;1;4;2;4;4;4;2;4;4;4;1;2;1;1;2;4;4;2;5;2;3;;1;1;1;1;1;1;1;2;1;1;1;;2;5;2;2;2;2;2;1;1;
530;13;0,3;2;1;2;54;2;;2;6;;3;5;2;4;5;1;4;4;3;3;4;5;4;5;5;1;4;5;5;4;3;1;4;1;1;2;2;4;2;4;1;3;4;1;4;4;1;2;4;4;3;4;4;3;3;3;4;3;1;2;1;4;4;4;4;3;3;2;1;4;3;4;3;1;3;2;2;4;4;1;2;4;4;1;3;1;4;4;1;1;4;1;3;4;4;1;3;1;1;4;4;3;3;4;2;3;;4;2;1;1;1;1;1;2;1;2;2;Zeugniserstellung;1;2;2;1;2;1;1;1;1;
537;13;1;2;1;2;30;2;;1;8;Beratungsfirma ;2;3;4;2;4;4;2;4;4;4;4;4;4;4;4;4;4;4;4;4;2;2;3;2;2;2;2;3;2;4;3;1;3;2;3;2;2;2;3;2;3;2;3;4;3;3;3;2;2;3;2;2;2;3;3;4;3;2;2;2;3;1;3;2;3;2;2;2;2;2;3;2;3;3;3;3;3;3;3;2;2;2;2;4;3;2;2;2;2;3;3;3;3;3;1;4;;1;1;1;1;1;1;1;2;1;1;1;;3;1;1;1;1;1;1;2;1;
539;13;1,11;2;1;1;34;4;;1;5;;4;4;3;3;4;3;4;3;4;2;2;3;4;4;4;4;4;3;4;3;3;3;4;2;3;2;3;4;1;4;3;2;3;1;3;4;2;2;4;3;3;3;4;4;2;4;2;1;4;3;1;2;3;3;4;4;4;2;1;3;3;4;4;1;4;2;2;3;2;1;4;3;3;2;3;3;3;2;2;3;4;2;2;3;4;2;1;1;1;2;3;4;2;5;3;5;;4;1;1;1;1;2;2;2;2;1;1;;3;1;1;1;1;1;1;2;1;
540;13;0,85;2;1;1;30;2;;1;6;;3;5;3;4;5;2;5;1;1;3;4;5;4;5;5;2;4;4;3;3;4;2;4;3;3;3;3;2;3;2;2;3;3;1;3;3;3;3;3;4;4;3;4;4;3;3;1;1;2;4;1;1;2;4;3;4;3;2;2;3;3;3;2;2;3;1;2;2;2;3;1;2;2;1;4;1;4;4;1;1;2;1;2;4;2;1;2;3;1;4;4;3;4;4;3;4;;7;1;2;1;2;2;2;2;2;2;1;;4;1;1;1;1;1;1;2;1;
541;13;1,05;2;1;2;20;1;;1;2;;2;4;3;5;5;2;4;2;4;4;4;4;4;3;4;2;3;2;2;4;3;3;2;2;4;4;4;2;3;3;2;1;4;1;4;4;4;4;2;3;3;3;3;3;2;3;3;2;4;4;2;2;2;4;4;4;4;3;4;4;4;4;4;2;4;4;1;2;2;4;1;2;2;2;3;2;3;2;1;1;4;2;2;4;4;2;2;3;1;3;3;3;4;3;2;3;;1;1;1;1;1;1;1;2;1;1;1;;3;1;1;1;1;1;1;2;1;
542;13;0,53;2;1;2;32;4;;1;7;;3;5;2;3;4;3;4;2;2;2;4;4;4;3;4;3;3;3;4;3;2;2;2;2;2;2;2;3;3;3;2;2;3;2;3;3;2;2;3;3;3;3;3;4;3;3;2;2;2;2;2;2;3;3;3;3;3;2;2;2;3;2;3;2;2;3;3;3;3;2;2;3;3;3;3;2;3;3;3;3;3;2;2;4;3;2;2;1;1;3;3;3;3;3;2;3;;3;1;2;1;2;1;1;1;1;2;1;;3;4;2;2;2;2;1;1;1;
544;13;1,02;2;1;2;48;4;;2;8;Tourismus;2;4;3;2;4;3;4;2;2;1;5;5;4;5;5;2;3;4;4;3;3;2;2;3;2;1;3;3;3;3;3;1;2;2;3;3;3;2;2;4;4;3;4;4;2;3;1;1;3;3;2;2;3;4;2;3;3;3;1;4;4;1;3;2;3;2;3;3;1;3;2;3;3;2;4;1;4;2;1;1;1;2;3;4;4;2;3;1;1;3;4;4;4;4;2;4;;3;2;2;1;1;1;1;1;1;2;1;;3;1;1;1;1;1;1;1;2;Chatbot
545;13;0,61;2;1;2;65;2;;1;3;;3;5;1;3;5;3;4;5;4;4;4;5;4;5;5;4;4;3;4;4;4;1;2;3;3;4;3;4;4;3;3;3;4;1;3;3;3;4;4;4;4;3;4;3;3;4;2;3;4;2;3;2;2;4;4;4;4;1;3;3;4;3;2;2;3;2;4;1;2;4;4;2;4;3;4;2;3;4;1;2;4;3;3;3;4;3;2;1;1;2;4;3;3;3;2;2;;2;1;1;1;1;1;1;2;1;2;1;;2;5;2;2;2;2;2;1;1;
548;13;1,03;2;1;2;30;4;;1;4;;5;5;3;4;5;4;5;2;3;4;4;5;4;4;5;5;3;4;5;4;5;2;1;2;3;3;2;4;3;4;3;1;4;1;4;2;2;3;3;3;4;3;3;4;3;4;1;1;3;2;1;4;4;4;4;4;3;2;1;3;3;3;3;1;4;2;2;3;3;2;2;3;3;1;4;2;4;2;3;1;3;2;2;4;4;2;2;1;1;3;4;4;3;5;2;4;;5;1;2;2;2;1;1;2;1;2;1;;2;3;2;2;2;1;1;1;1;
549;13;0,73;2;1;2;51;4;;2;7;;2;4;3;4;4;3;4;2;4;2;4;5;4;4;4;1;5;4;4;3;3;3;3;4;2;4;4;2;3;2;2;1;3;2;3;4;3;3;2;4;3;3;3;3;3;4;2;2;3;3;3;2;3;4;2;4;3;4;3;3;4;2;3;2;2;3;1;3;2;3;1;3;3;2;3;2;2;3;2;3;3;4;2;3;3;3;3;3;2;3;3;4;3;4;3;5;;4;1;1;1;2;1;1;2;2;2;1;;3;2;1;1;2;1;2;1;1;
560;13;0,82;2;1;1;66;4;;2;7;;3;5;3;4;5;2;5;2;3;3;4;5;4;5;5;3;1;5;5;3;3;3;2;3;4;4;3;3;4;3;2;2;2;2;3;2;3;2;3;4;3;3;3;3;4;3;1;2;4;2;3;3;3;2;2;4;2;4;2;2;3;3;2;1;1;4;2;2;1;3;2;2;3;4;3;3;3;3;4;4;3;4;2;4;3;2;3;1;1;3;4;4;4;4;2;3;;5;2;1;2;1;1;1;2;2;2;1;;2;4;2;1;2;2;2;1;1;
563;13;0,86;2;1;1;62;3;;2;2;;3;4;2;4;4;3;4;2;2;1;4;4;4;4;4;2;4;3;3;3;1;2;3;3;3;3;2;4;2;4;2;1;3;2;3;3;2;3;3;3;4;4;3;3;3;4;2;1;3;2;2;2;3;3;3;3;3;3;3;3;2;2;2;2;3;3;3;3;3;3;2;3;2;1;4;2;2;3;2;1;3;2;3;4;4;3;3;1;1;3;4;4;3;2;1;2;;4;1;1;2;1;1;1;2;2;2;1;;3;1;1;2;1;1;1;1;1;
575;13;1,28;2;1;2;27;2;;1;4;;1;4;3;3;5;3;4;3;4;4;3;5;4;2;4;3;3;4;4;2;4;3;2;3;4;3;3;3;2;2;2;4;3;3;4;3;3;2;2;3;3;3;3;3;1;4;2;1;4;2;3;1;3;3;2;3;3;4;1;3;3;2;4;2;2;2;1;3;3;4;1;3;4;4;4;4;4;2;2;3;3;3;1;4;2;1;4;3;1;3;4;4;3;4;3;2;;1;1;1;1;1;1;1;1;1;2;1;;2;3;2;2;1;2;1;1;1;
583;13;0,81;2;1;2;52;2;;1;6;;3;5;2;4;5;2;4;3;3;1;5;5;4;4;5;2;5;5;5;4;1;3;2;2;3;2;3;3;3;3;2;2;3;1;3;2;3;3;2;4;4;3;3;3;3;3;2;1;3;2;1;2;3;3;3;3;3;3;3;3;2;2;3;1;2;2;2;3;2;3;2;3;2;4;3;2;3;2;2;3;3;2;2;4;3;2;2;1;1;3;3;3;3;2;1;1;;;;;;;;;;;;;;3;2;2;2;1;1;1;1;1;
585;13;0,94;2;1;3;21;4;;1;8;freie Trägerschaft;3;2;1;2;1;1;1;1;2;1;1;4;4;2;2;1;2;1;1;1;2;3;3;3;4;4;4;2;2;3;2;2;3;3;4;4;4;3;1;4;3;4;4;3;4;4;3;2;4;3;2;3;3;2;2;3;1;4;3;4;4;3;4;2;2;2;2;3;2;3;3;3;4;4;4;2;3;3;3;4;3;4;2;4;2;2;2;1;3;3;3;4;4;1;;1;2;;;;;;;;;;;;;1;1;1;1;1;1;1;2;1;
587;13;0,74;2;1;2;26;4;;2;8;Eventmanagement, Versicherubgsbranche;4;5;5;2;5;4;4;5;4;4;4;4;4;2;5;4;2;4;4;4;4;2;2;2;2;3;2;4;2;3;2;1;4;1;4;1;1;2;4;4;3;3;3;4;1;3;2;1;2;3;1;4;4;2;3;4;4;2;1;2;3;2;3;1;4;4;2;2;1;2;3;3;3;3;3;4;4;3;2;2;2;3;3;4;4;4;3;1;1;1;4;4;4;5;3;5;;4;1;2;1;1;1;1;2;2;2;1;;4;1;1;1;1;1;1;1;2;Es wird vieles davon schon angeboten :) Schulungen, Zugänge, use-cases
590;13;1,13;2;1;2;27;2;;2;2;;2;4;2;4;5;2;4;2;4;1;4;5;4;4;5;4;4;4;5;4;3;1;3;2;3;2;2;3;2;3;4;2;4;3;3;4;2;3;2;3;3;4;3;4;2;3;2;2;2;3;2;1;3;2;4;4;3;3;1;2;4;4;3;3;4;4;3;3;2;2;3;3;4;4;3;2;3;3;4;4;4;3;3;4;4;3;2;1;2;3;3;3;3;5;2;5;;5;1;2;2;1;1;1;2;2;2;1;;4;2;1;2;1;2;1;1;1;
593;13;0,74;2;1;1;58;3;;2;6;;3;4;3;4;4;2;5;3;2;2;4;5;4;4;5;4;4;4;5;4;3;1;2;3;2;2;2;3;2;2;3;2;2;3;3;3;1;2;2;4;3;3;3;4;4;4;4;3;3;3;3;2;2;3;3;3;3;2;1;3;3;2;3;3;1;1;2;3;2;1;3;2;4;2;4;3;3;3;3;3;2;3;3;4;2;2;4;3;4;3;4;4;3;5;3;5;;5;2;1;2;2;1;1;2;1;2;1;;3;1;1;1;1;1;1;2;1;
595;13;1,88;2;1;2;32;2;;1;2;;2;3;4;4;4;3;4;1;1;1;3;4;4;3;4;3;3;3;2;2;2;2;3;3;4;4;3;3;3;3;2;1;3;1;3;2;2;3;3;2;4;3;3;4;4;4;3;3;4;1;2;4;3;3;4;4;4;3;4;4;2;2;4;3;3;3;1;3;2;2;1;4;2;2;4;2;4;2;4;2;2;3;3;4;3;3;3;4;1;2;4;4;3;4;1;2;;3;1;2;1;1;1;1;2;1;2;1;;3;1;1;1;1;1;1;2;1;
600;13;0,96;2;1;2;58;4;;1;2;;2;3;3;2;2;3;3;2;2;2;1;1;4;4;4;3;3;3;2;2;3;2;1;1;1;1;1;3;2;4;1;1;4;2;3;4;1;2;3;4;4;4;4;4;3;3;1;1;2;2;1;4;3;3;3;4;4;1;1;4;2;1;3;1;3;1;2;2;3;2;2;3;4;2;3;1;4;4;1;1;2;1;1;3;3;1;1;1;1;3;4;3;2;1;;1;1;;;;;;;;;;;;;3;1;1;1;1;1;1;2;1;
603;13;1,31;2;1;1;36;4;;2;6;;5;5;3;5;4;2;5;5;1;1;5;5;4;4;5;1;5;4;5;4;1;2;4;2;2;3;3;4;2;3;4;1;2;2;2;1;2;2;3;3;3;1;4;4;2;3;4;2;3;3;1;1;2;2;3;4;4;4;2;2;3;4;2;3;2;2;3;1;1;3;4;1;2;1;2;3;3;2;2;2;4;2;3;4;4;2;3;3;4;1;4;2;4;5;3;5;;6;2;2;1;1;2;1;2;2;2;1;;2;2;1;2;2;1;1;1;1;
606;13;1,3;2;1;1;34;2;;1;3;;1;1;1;1;1;1;1;3;1;1;1;1;4;1;1;2;1;1;1;5;1;2;4;1;1;2;2;2;4;3;4;1;2;1;2;1;2;4;2;2;3;4;3;3;3;4;2;1;4;4;1;1;1;1;2;4;3;4;2;2;4;4;3;3;1;3;3;3;3;3;3;4;4;3;4;1;1;1;4;4;4;2;2;4;4;3;4;4;1;2;4;2;4;2;3;1;;;;;;;;;;;;;;1;1;1;1;1;1;1;2;1;
610;13;1,07;2;1;1;34;4;;2;8;Chemie-Industrie ;3;4;2;3;5;1;5;5;4;4;5;5;4;3;5;5;3;4;5;2;5;2;3;2;3;1;1;2;3;1;4;2;2;1;3;1;1;2;1;4;4;4;3;4;3;3;3;2;3;3;2;2;1;4;3;4;4;3;1;2;4;4;3;1;3;1;1;2;1;2;3;1;3;1;4;3;4;2;4;4;4;2;3;3;2;1;3;1;3;2;4;3;3;3;3;4;;6;1;1;2;2;2;2;2;1;2;1;;2;4;2;2;2;1;2;1;1;
611;13;1,13;2;1;1;32;4;;2;5;;1;5;4;4;5;1;5;2;5;2;4;5;4;5;5;2;4;4;5;5;1;1;4;3;3;3;2;4;2;3;4;4;3;1;2;4;1;2;3;3;4;3;3;4;1;3;2;1;3;3;2;1;1;2;2;4;2;3;1;2;4;2;2;1;4;3;4;1;4;3;4;1;3;4;4;2;3;2;3;3;4;3;3;3;4;3;3;4;2;2;4;2;4;4;3;3;;3;1;2;1;1;1;1;2;1;2;1;;4;1;1;1;1;1;1;2;1;
620;13;1,76;2;1;1;31;2;;1;6;;4;4;3;4;2;3;4;4;2;2;3;4;4;4;3;4;4;2;5;5;3;3;3;4;3;2;3;3;2;3;2;3;4;1;3;3;3;2;2;4;4;4;4;4;3;3;2;2;3;2;2;1;2;4;2;4;3;2;2;3;2;2;3;2;4;3;3;2;2;2;2;3;4;2;4;2;4;4;1;2;3;4;3;2;2;2;3;3;4;3;2;3;4;5;3;5;;6;2;2;2;2;1;1;1;2;2;1;;3;3;2;2;1;1;2;1;1;
621;13;1,48;2;1;1;34;2;;1;5;;5;5;1;5;5;2;5;3;2;1;5;5;4;5;5;1;5;4;5;2;1;3;3;2;4;4;4;4;4;2;3;1;3;1;4;2;3;4;3;3;4;3;3;3;3;3;2;1;3;2;3;4;3;3;3;4;3;4;4;4;3;3;4;2;2;2;3;3;3;3;4;3;3;2;4;3;3;2;3;3;2;3;3;3;3;1;3;1;1;3;4;4;4;5;3;5;;8;2;2;2;2;1;2;2;2;2;1;;2;5;2;2;2;2;2;1;1;
622;13;1;2;1;1;42;4;;2;5;;4;4;2;4;4;4;4;4;4;4;4;4;4;4;4;4;4;4;4;3;2;2;3;2;3;2;2;3;2;3;2;3;3;2;3;3;2;2;3;2;3;3;3;3;3;3;2;2;2;3;2;2;3;3;3;3;3;2;1;3;3;3;3;1;3;3;3;3;3;2;2;2;3;2;3;2;3;3;3;3;3;2;2;3;3;2;2;1;1;3;3;3;3;5;4;5;;5;2;2;2;1;1;2;1;2;1;1;;3;2;2;2;1;1;1;1;1;
626;13;0,93;2;1;2;36;4;;1;7;;4;4;3;3;4;3;4;4;4;3;3;4;4;3;4;4;3;4;4;4;4;3;1;2;2;2;2;3;3;3;2;4;2;2;4;3;3;3;2;4;4;4;4;3;4;4;2;1;3;2;2;2;3;3;3;4;3;4;1;3;3;2;3;2;2;2;3;3;3;4;2;3;3;2;3;2;3;2;2;3;3;2;2;4;3;2;3;2;1;4;4;4;2;3;2;2;;1;1;2;1;1;1;1;1;1;1;1;;2;2;1;2;1;2;1;1;1;
628;13;1,41;2;1;1;37;4;;2;5;;5;5;2;5;5;3;5;5;4;5;5;5;4;5;5;5;4;5;5;5;4;1;3;2;4;4;1;1;2;1;2;1;2;1;1;1;1;2;1;3;3;4;1;3;3;1;2;1;1;1;2;2;4;1;2;2;3;4;1;3;4;1;3;1;2;2;3;3;2;1;2;3;3;1;4;2;2;2;3;4;4;2;1;3;2;1;4;1;2;3;4;2;3;5;4;5;;9;2;2;2;2;2;2;2;2;2;1;;4;5;2;2;2;2;2;1;1;
629;13;1,06;2;1;1;62;4;;2;5;;4;5;1;5;5;3;4;3;2;2;4;5;4;4;5;5;4;3;5;5;4;1;3;3;2;3;2;4;2;4;4;1;4;2;2;3;1;1;3;3;4;3;3;4;1;3;4;3;2;2;3;2;3;2;3;3;3;2;1;3;4;4;3;2;3;3;2;2;1;2;2;3;4;3;3;2;3;2;3;3;4;3;3;4;4;3;2;2;2;3;3;3;3;5;4;5;;8;2;2;2;2;1;1;2;2;2;2;Mehrfach Check unterschiedlicher Systeme, ;1;3;1;2;1;1;2;1;2;Innovation und neue Perspektiven 
631;13;1,71;2;1;1;25;5;Bankfachwirt;1;7;;1;2;2;2;1;2;1;2;5;1;2;4;4;1;3;1;2;1;1;1;3;2;4;1;3;2;2;2;1;1;2;3;2;2;3;2;2;2;1;4;4;4;3;3;2;3;3;2;2;3;1;1;3;2;3;3;4;4;1;4;3;4;4;2;3;1;1;2;3;1;1;4;4;2;4;3;2;3;3;4;4;2;3;3;3;2;3;1;4;3;4;3;3;1;;1;1;;;;;;;;;;;;;4;1;1;1;1;1;1;1;2;Keine Implementierung von KI
636;13;1,54;2;1;1;35;3;;1;8;Chemie;5;4;4;1;4;4;2;5;5;5;2;5;4;5;5;5;4;4;1;5;1;2;4;3;2;2;2;3;2;3;4;3;3;3;3;1;2;2;3;2;4;2;3;4;3;3;2;2;2;3;1;1;2;1;4;3;3;3;1;1;4;3;3;2;3;3;4;1;3;3;4;2;4;3;3;2;2;3;3;4;4;3;2;3;3;2;2;2;3;2;4;3;4;3;3;1;;;;;;;;;;;;;;2;1;1;1;1;1;1;1;2;Solange es keine EU basierten Lösungen gibt, hat eine KI Anwendung in einem Europäischen Unternehmen nichts zu suchen. Stichwort Industriespionage
645;13;0,75;2;1;2;48;4;;1;6;;3;5;3;1;4;2;5;5;3;4;1;5;4;4;5;3;2;3;4;2;1;2;3;3;4;4;2;4;4;4;4;1;4;3;4;3;3;3;3;4;4;4;3;3;4;4;2;2;2;2;2;3;3;3;4;4;3;3;3;4;4;4;4;3;3;4;1;3;3;3;3;2;4;3;4;3;3;1;3;3;4;3;4;4;3;3;3;2;2;2;4;4;2;2;1;1;;;;;;;;;;;;;;2;5;2;2;2;2;2;1;1;
647;13;0,7;2;1;2;32;4;;1;4;;4;4;2;2;4;2;4;4;4;4;2;4;4;4;5;4;2;2;4;4;2;2;2;3;3;3;3;3;3;2;3;1;2;2;3;3;3;3;2;3;3;3;3;2;3;3;2;2;3;2;3;2;2;3;2;4;3;1;3;2;4;2;2;2;2;2;2;3;1;3;3;3;4;2;4;2;4;4;3;2;4;3;3;3;3;2;2;1;1;3;3;4;3;4;3;4;;6;2;2;2;1;1;1;2;2;2;1;;1;2;2;2;1;1;1;1;1;
648;13;0,83;2;1;1;38;4;;1;5;;4;4;1;1;5;1;5;5;4;2;1;5;4;5;5;5;2;3;5;5;1;1;3;1;4;3;1;2;1;2;3;3;2;2;2;1;1;2;1;3;3;3;3;2;3;3;4;3;2;3;1;3;4;3;3;4;3;4;3;1;4;4;4;4;3;2;1;4;2;1;3;3;4;3;3;3;2;2;4;4;4;1;3;3;3;1;4;1;3;1;3;4;3;5;3;3;;7;2;2;2;1;1;2;2;2;2;1;;1;1;1;2;1;1;1;1;1;
651;13;1,09;2;1;1;34;2;;2;8;Dienstleistung;4;5;4;4;5;3;5;4;4;2;4;5;4;4;5;4;5;3;5;4;3;3;3;3;4;3;2;3;2;3;4;1;3;1;4;2;2;2;3;3;4;3;4;3;4;4;3;2;4;3;2;2;3;3;3;2;3;3;3;3;4;3;3;4;2;2;2;2;2;3;2;4;3;2;4;3;2;2;3;1;4;3;3;4;3;3;4;2;2;3;4;3;4;5;3;5;;9;2;2;2;2;2;2;2;2;2;1;;3;3;2;1;2;2;1;1;1;
658;13;1,21;2;1;1;46;4;;2;6;;4;5;1;5;5;1;5;4;3;4;5;5;4;4;5;5;5;4;5;5;3;2;3;4;4;2;3;3;2;3;4;1;3;2;1;2;3;4;4;3;3;3;3;3;1;1;4;3;2;3;3;1;3;2;2;3;2;4;1;2;4;4;3;4;2;2;2;1;1;3;4;2;4;3;3;2;2;1;4;3;4;4;4;1;3;4;4;4;4;1;3;1;4;5;3;5;;5;1;2;2;2;1;1;2;2;1;1;;2;2;1;2;1;1;2;1;1;
663;13;1,26;2;1;1;29;4;;1;4;;2;3;4;3;5;2;4;4;4;3;3;4;4;2;4;5;3;4;3;4;3;2;4;2;3;2;4;3;3;3;2;2;2;1;3;1;3;2;2;3;4;2;3;3;3;3;1;1;2;2;1;1;3;3;2;3;3;1;3;2;3;3;3;1;3;4;4;2;1;3;2;1;2;2;3;3;2;2;1;2;2;1;1;3;3;2;1;3;1;2;4;2;4;4;1;2;;2;1;1;1;1;1;1;2;2;1;1;;3;1;2;1;1;1;1;1;1;
668;13;2,03;2;1;2;30;4;;1;1;;2;4;2;4;4;2;4;2;2;2;4;4;4;2;4;2;1;4;3;3;2;3;1;3;2;2;3;3;2;2;1;3;2;2;3;1;2;2;3;4;4;4;3;3;3;4;1;1;3;1;1;3;3;2;3;4;3;4;1;3;3;1;3;1;3;3;3;3;3;2;2;3;3;2;3;2;3;2;1;1;3;2;2;4;3;2;2;1;1;3;4;4;3;5;2;2;;1;1;1;1;1;1;1;1;1;2;1;;3;1;1;1;1;1;1;1;2;To dos
671;13;1,43;2;1;1;43;4;;2;6;;4;2;1;4;3;2;4;5;5;1;4;5;4;3;4;2;4;4;4;4;2;2;3;3;2;2;3;1;3;2;4;3;1;2;1;1;2;3;2;2;3;3;4;3;2;2;3;3;2;2;3;1;3;4;1;1;3;3;1;3;4;4;3;3;1;2;1;4;1;3;3;3;4;2;3;2;1;1;2;4;4;3;3;2;3;2;3;3;3;2;3;3;3;5;4;4;;2;1;1;2;2;1;1;1;1;1;1;;2;2;2;2;1;1;1;1;1;
673;13;1,58;2;1;1;30;4;;1;6;;4;4;4;3;5;4;5;4;4;4;4;5;4;4;5;5;5;4;5;4;4;2;3;4;2;1;1;4;2;4;4;1;4;2;1;1;1;1;4;2;3;2;3;2;1;2;3;2;1;3;2;1;1;2;3;3;3;3;1;1;4;4;2;3;4;2;3;2;2;2;3;2;4;2;3;3;3;2;3;3;4;3;4;2;4;4;4;2;2;1;4;1;4;5;3;5;;7;2;2;2;2;1;1;2;2;2;1;;2;4;1;2;2;2;2;1;1;
675;13;0,94;2;1;1;39;4;;2;7;;2;2;2;1;1;1;1;2;1;1;1;1;4;2;1;1;1;1;2;1;1;2;4;1;3;2;2;3;1;2;2;2;3;4;4;4;2;3;3;4;4;4;4;4;4;3;3;2;2;3;1;3;3;4;2;2;3;2;1;4;3;4;4;2;2;2;3;3;2;2;2;4;3;1;4;2;4;4;4;4;4;1;4;4;3;1;1;1;1;3;4;3;2;2;2;1;;;;;;;;;;;;;;1;1;1;1;1;1;1;1;2;Gar keine. Bleibt einfach weg mit dem Scheiß!
676;13;1,29;2;1;1;30;4;;1;6;;5;5;1;5;5;3;5;3;3;3;5;5;4;5;5;3;3;5;5;3;3;1;4;3;2;1;1;3;1;2;4;1;1;1;2;1;1;3;2;3;3;4;3;4;1;1;3;2;2;3;2;3;3;2;1;1;1;4;1;1;3;4;4;3;1;4;2;3;2;2;3;3;4;1;1;4;2;2;2;4;4;3;3;2;3;1;1;1;1;1;3;3;4;5;3;4;;7;1;2;2;2;2;2;2;1;2;1;;1;5;2;2;2;2;2;1;1;
679;13;0,65;2;1;2;37;4;;1;6;;5;4;4;4;5;3;4;5;4;4;4;5;4;5;5;4;3;3;4;4;4;1;2;2;2;2;2;4;2;4;3;1;3;2;3;1;2;2;4;4;4;4;3;4;3;3;2;1;2;3;2;3;3;3;3;4;3;3;1;3;3;2;2;1;3;3;3;2;3;2;3;3;4;2;4;3;4;4;1;1;3;3;1;4;4;2;3;2;1;3;3;3;4;3;2;2;;2;1;1;2;1;1;1;1;1;2;1;;3;1;1;1;2;1;1;1;1;
684;13;1,05;2;1;1;28;4;;2;5;;2;3;2;4;5;2;4;5;1;1;4;3;4;4;4;1;5;1;4;1;1;3;4;3;3;2;4;2;2;1;4;1;1;1;4;1;4;4;2;4;4;4;2;3;3;3;1;1;3;3;1;2;3;3;2;4;2;3;1;3;3;1;3;3;1;2;1;3;2;4;1;2;4;1;3;3;2;2;1;1;3;3;1;4;2;2;4;2;3;3;2;4;4;5;3;5;;4;1;1;1;1;1;2;2;2;2;1;;3;2;1;1;2;2;1;1;1;
686;13;1,21;2;1;1;36;4;;2;4;;5;5;5;5;5;4;5;5;1;4;5;5;4;5;5;5;5;4;5;5;2;1;4;2;3;1;1;4;2;4;4;3;4;1;2;1;1;1;4;4;4;3;4;3;1;3;3;2;2;4;1;1;4;3;4;4;4;4;1;3;4;4;1;2;4;4;4;2;3;1;4;4;4;4;4;4;3;3;3;3;4;2;4;1;4;2;4;1;1;1;4;1;4;5;3;5;;7;2;2;2;2;1;1;2;2;2;1;;3;3;2;2;2;1;1;1;1;
694;13;0,94;2;1;1;27;4;;1;5;;4;5;4;3;4;3;5;4;4;4;4;5;4;5;5;5;5;5;5;4;4;2;2;2;3;2;2;4;2;2;4;4;3;1;3;4;1;2;3;3;4;3;4;4;2;3;4;2;2;1;2;3;3;3;4;4;3;2;1;2;4;4;2;2;3;2;4;2;2;2;3;3;4;3;4;1;4;4;3;3;3;2;3;4;3;3;2;2;4;3;3;2;3;5;2;5;;5;2;2;1;1;1;2;2;2;1;1;;4;1;1;1;1;1;1;2;1;
699;13;0,71;2;1;2;26;2;;1;6;;4;4;3;3;4;2;4;4;4;4;3;4;4;3;5;3;3;4;5;3;4;3;2;3;3;3;3;4;3;2;3;2;3;2;3;4;3;3;2;4;4;4;4;4;1;3;2;2;3;3;2;3;3;3;3;3;3;3;3;4;4;3;3;2;3;3;2;2;2;3;2;4;3;3;4;2;3;3;3;2;2;2;2;3;3;2;2;1;2;3;4;3;3;4;3;4;;6;1;2;2;2;1;1;2;2;2;1;;2;4;2;1;2;2;2;1;1;
701;13;1,22;2;1;1;23;2;;1;8;Pumpen und Armaturen;5;5;3;5;5;4;5;3;3;3;5;5;4;4;5;4;5;5;5;3;4;3;3;3;4;3;3;2;3;2;2;3;4;1;3;4;2;3;1;1;3;3;3;3;4;3;1;1;4;3;4;1;1;2;4;4;3;4;3;3;2;2;1;1;1;4;4;2;1;4;3;2;4;1;4;3;4;1;4;1;1;4;2;3;4;1;3;4;1;2;4;3;3;5;2;5;;6;2;2;1;2;1;1;2;2;2;1;;3;4;2;2;2;1;2;1;1;
702;13;0,23;2;1;2;57;2;;1;3;;1;5;3;4;5;2;2;1;1;1;5;5;4;4;4;1;4;4;2;1;1;2;3;2;3;2;3;3;3;3;2;1;2;2;3;3;2;2;3;4;3;3;4;4;3;4;2;2;3;3;2;2;3;3;2;3;3;3;2;3;2;2;2;2;1;1;3;2;2;2;3;2;3;1;3;3;3;2;1;1;2;2;1;4;2;2;2;1;1;3;3;3;3;1;;1;-1;;;;;;;;;;;;;3;1;1;1;1;1;1;2;1;
703;13;1,49;2;1;1;36;4;;1;1;;5;5;4;4;5;4;5;5;4;4;4;4;4;4;4;4;4;4;4;4;4;1;4;3;1;1;1;3;2;3;4;4;4;2;2;2;2;1;3;3;3;3;2;2;2;2;3;3;2;4;3;3;3;2;3;2;2;3;2;4;3;3;4;3;2;3;1;4;3;2;3;2;3;3;3;4;2;2;2;3;3;3;3;2;3;3;3;2;3;2;3;2;4;4;3;4;;3;1;1;2;1;1;1;2;1;2;1;;2;1;1;2;1;1;1;1;1;
704;13;0,91;2;1;1;31;3;;2;8;Papier ;5;5;4;5;5;3;5;5;3;5;5;5;4;5;5;5;4;5;5;5;5;1;3;2;3;1;1;4;2;2;4;1;4;1;2;2;2;2;2;4;4;3;4;4;3;2;3;1;2;3;1;1;3;4;4;4;4;4;1;1;4;3;4;3;3;2;1;2;2;1;4;2;4;2;3;4;3;3;3;4;4;2;4;2;4;3;4;1;1;3;4;4;3;5;3;5;;9;2;2;2;2;2;1;2;2;2;2;Zu Aufbau von neuem Wissen( effiziente Einarbeitung in neuen Themenfelder);3;5;2;2;2;1;2;1;2;Optimierung der Prozesse (Sortierung von Outlook und Priorisierung meiner Arbeitsleistung, einem Künstlichen KI Kollegen den ich selbst trainieren kann das meine neuen Kollegen mir nicht so oft Fragen stellen die mein KI Agent beantworten könnte. 
705;13;1,34;2;1;2;25;2;;1;4;;4;4;3;4;4;1;5;5;2;2;5;4;4;5;4;3;2;3;4;5;3;2;2;3;1;2;2;2;2;1;4;1;3;2;3;3;2;2;2;4;4;3;2;4;3;3;2;2;3;1;3;4;4;2;2;4;3;4;1;3;4;2;4;3;3;3;2;3;3;2;4;3;4;2;4;2;2;2;1;1;1;3;2;3;3;2;3;2;2;3;4;3;2;4;3;4;;4;2;1;2;1;1;1;1;2;2;1;;3;2;2;1;2;1;1;1;1;
708;13;0,8;2;1;1;42;3;;1;6;;3;5;4;3;5;4;5;4;4;4;4;4;4;5;5;4;5;4;5;4;2;3;2;3;3;1;3;4;3;4;3;2;4;1;2;1;2;3;4;3;4;3;4;4;2;3;3;2;4;1;1;1;3;4;4;4;2;1;1;2;4;3;1;3;4;4;3;2;1;3;3;1;3;3;4;2;4;3;4;3;3;2;2;2;4;2;2;3;2;1;3;2;3;5;2;5;;5;2;2;2;1;1;1;2;1;2;1;;3;3;1;2;1;2;2;1;1;
709;13;0,91;2;1;2;28;2;;1;4;;4;4;3;4;4;4;5;4;3;2;4;5;4;2;4;4;4;4;3;3;4;3;3;3;3;3;2;2;3;2;3;2;3;2;4;3;3;3;2;4;4;3;4;3;4;4;2;3;3;3;3;1;3;3;3;3;3;3;2;4;3;2;3;2;2;2;2;3;2;3;3;3;4;2;4;2;3;3;2;2;2;3;3;4;3;2;4;2;2;3;3;3;3;5;1;4;;4;1;1;1;2;1;1;2;2;2;1;;3;2;1;2;2;1;1;1;1;
712;13;1,29;2;1;1;30;3;;2;8;Baugewerbe ;3;5;2;5;5;3;5;1;3;1;5;5;4;4;5;2;4;4;5;5;2;1;4;1;2;1;2;3;1;2;1;2;4;1;4;2;3;2;2;4;4;3;4;3;1;1;2;1;3;3;1;2;2;4;4;3;4;2;3;3;3;1;2;4;4;1;3;2;3;2;1;2;3;2;3;3;2;2;1;2;4;3;3;3;4;3;2;2;1;4;4;4;3;2;1;2;;2;2;1;1;1;1;1;2;1;1;1;;3;1;1;1;1;1;1;2;1;
713;13;0,96;2;1;1;32;4;;2;7;;4;5;2;4;5;2;5;4;3;2;5;5;4;3;5;5;3;4;5;4;3;2;3;2;3;1;2;3;2;3;3;1;4;1;3;3;1;1;3;4;4;4;4;4;3;2;3;2;2;1;1;2;3;4;3;4;4;3;1;4;3;4;3;1;3;4;2;3;4;1;3;4;4;3;4;2;4;3;3;4;2;1;3;3;3;1;2;1;2;2;3;4;2;4;2;4;;4;2;2;1;2;1;1;1;1;2;1;;3;3;2;1;2;1;2;1;1;
716;13;1,3;2;1;1;36;4;;1;6;;5;5;5;5;5;5;5;5;4;5;5;5;4;5;5;5;3;5;5;5;4;1;3;3;2;3;2;3;2;3;4;1;4;3;3;2;1;1;2;4;3;4;2;3;1;2;1;1;1;2;2;4;4;2;4;3;3;4;2;3;4;4;4;1;4;2;3;2;4;1;4;4;4;4;2;2;3;1;3;4;4;2;3;1;4;3;4;1;1;1;3;3;4;5;3;5;;7;2;2;2;2;1;1;2;2;2;1;;2;1;1;2;1;1;1;1;1;
717;13;0,62;2;1;2;54;2;;1;6;;1;3;3;3;4;3;3;3;3;3;3;3;4;3;4;2;3;3;2;3;3;1;2;1;2;3;2;4;3;4;2;1;4;1;3;3;2;2;4;4;4;3;4;4;2;3;2;2;3;2;2;2;3;3;4;3;3;2;2;3;3;2;2;1;4;1;2;2;1;2;3;2;3;2;4;1;4;2;1;1;3;1;2;3;4;2;1;1;1;2;4;3;3;2;1;3;;1;1;1;1;1;1;1;1;1;1;2;Übersetzung ;3;1;2;1;1;1;1;1;1;
718;13;0,92;2;1;1;32;4;;1;5;;1;2;1;2;1;1;3;2;4;2;2;4;4;2;4;2;1;2;4;2;1;2;3;1;4;3;3;2;3;2;3;1;2;2;1;3;3;3;2;3;4;3;4;4;3;4;2;1;4;3;1;1;1;4;2;3;3;3;4;1;4;3;3;1;2;2;2;2;2;3;3;1;3;3;4;3;4;3;4;3;3;2;2;3;2;1;1;2;1;3;4;3;2;2;3;4;;3;1;1;2;1;1;2;1;2;1;1;;3;1;1;2;1;1;1;1;1;
720;13;1,14;2;1;1;52;4;;2;7;;2;4;3;4;4;3;5;4;3;3;4;5;4;3;4;5;4;4;5;5;4;3;2;3;3;2;3;3;2;4;3;1;4;1;3;2;2;1;4;4;4;3;2;4;3;3;2;1;3;3;2;3;3;2;3;3;3;3;1;2;4;3;2;2;3;3;2;2;3;2;2;2;4;2;3;2;3;3;3;4;2;3;2;3;3;3;3;2;2;2;4;3;4;5;3;4;;5;1;2;2;2;1;1;2;2;1;1;;3;1;1;1;2;1;1;1;1;
726;13;1,39;2;1;1;35;3;;1;6;;3;4;4;4;4;4;4;4;4;4;4;4;4;4;4;4;4;4;4;4;4;2;2;2;3;2;2;2;2;2;2;1;2;2;3;2;2;2;3;4;3;3;3;3;3;3;2;3;2;2;2;3;3;3;2;3;3;3;2;3;3;2;3;3;2;2;2;3;3;2;2;3;3;1;3;2;3;2;3;2;2;3;3;3;2;2;3;2;2;3;3;3;2;4;3;4;;4;1;1;2;1;1;1;2;2;2;1;;3;1;1;1;1;1;1;2;1;
729;13;0,88;2;1;1;35;4;;1;1;;5;4;3;4;5;3;5;2;1;2;3;4;4;5;5;3;5;4;5;4;3;2;3;3;4;2;2;4;2;3;4;2;3;2;1;2;2;2;3;3;3;3;4;3;2;2;4;2;1;2;3;3;2;3;4;3;4;4;2;3;4;2;3;2;3;4;4;3;2;1;3;2;4;1;4;2;3;3;4;4;4;3;3;2;3;3;4;2;3;3;4;2;3;5;2;5;;2;1;2;1;1;1;1;2;1;1;1;;3;1;1;1;1;1;1;2;1;
731;13;0,71;2;1;1;30;4;;2;5;;5;5;2;5;3;2;5;5;5;5;5;5;4;5;5;5;3;3;5;5;4;1;2;3;3;2;2;4;2;4;4;1;4;1;2;1;1;1;3;4;3;3;3;3;3;3;3;2;1;2;1;2;4;3;4;3;3;1;1;3;3;4;3;1;4;3;4;3;2;1;4;3;4;2;3;2;3;3;1;4;2;2;4;4;4;4;3;1;1;2;3;3;3;5;3;5;;6;2;2;1;1;1;2;2;2;2;1;;4;1;1;1;1;2;1;1;1;
739;13;0,44;2;1;1;26;4;;1;6;;5;5;4;4;5;5;5;4;4;4;5;5;4;5;5;4;4;4;4;4;4;1;2;3;4;2;1;3;2;3;3;1;4;2;3;2;1;3;3;4;4;4;3;4;3;3;4;4;2;2;4;4;4;2;4;3;4;4;2;3;4;4;4;4;4;4;4;3;4;2;3;4;4;3;4;1;4;4;3;3;4;4;3;4;4;4;4;4;4;2;4;2;3;4;4;4;;2;1;1;1;1;1;1;2;1;1;2;Übersetzung;2;2;2;2;1;1;1;1;1;
745;13;1,17;2;1;1;23;4;;1;8;Personenverkehr;4;4;3;1;4;2;4;4;4;3;2;4;4;5;4;4;3;4;4;5;5;3;2;3;3;1;3;4;1;3;3;2;3;2;4;4;3;3;4;4;4;3;3;3;1;3;1;1;3;3;2;3;3;2;3;3;3;4;2;4;2;1;4;1;3;3;2;2;3;3;3;3;4;3;4;1;3;3;2;2;2;3;2;4;3;1;4;1;1;3;4;3;3;4;3;2;;2;1;2;1;1;1;1;1;1;2;1;;2;3;2;2;2;1;1;1;1;
746;13;1,08;2;1;2;21;4;;1;8;Chemie;5;5;4;3;5;2;5;4;5;3;4;5;4;4;5;4;4;4;5;5;2;2;1;2;4;3;2;3;2;3;4;2;3;2;1;2;2;2;3;4;4;3;3;4;1;2;3;2;3;3;2;2;3;2;3;4;3;4;2;3;4;4;3;2;2;4;4;3;2;3;4;2;4;3;4;3;3;3;2;2;3;2;3;2;4;2;4;3;3;2;4;2;3;5;3;5;;4;1;2;1;2;1;1;2;1;2;1;;4;1;1;2;1;1;1;1;1;
748;13;0,95;2;1;1;27;2;;1;8;Kunststoffverarbeitung;5;4;3;2;5;1;4;4;3;2;4;4;4;3;5;3;2;1;4;2;3;3;4;2;4;3;3;2;3;2;3;1;2;1;4;3;3;4;1;3;3;3;3;4;3;3;1;1;2;3;1;2;2;3;2;3;3;2;3;3;3;3;3;2;2;2;1;2;3;3;3;3;2;2;4;3;2;3;3;2;2;2;1;4;2;1;3;1;1;3;3;4;3;2;4;3;;3;1;2;1;1;1;1;2;1;2;1;;3;3;2;1;2;2;1;1;1;
750;13;0,87;2;1;1;30;4;;2;6;;3;4;2;5;3;2;4;5;4;2;4;5;4;5;4;4;1;3;4;2;2;1;2;2;3;1;2;2;1;2;3;2;3;2;3;1;2;2;3;4;2;3;4;2;1;2;3;1;2;2;1;2;3;3;3;3;3;4;1;2;4;4;4;1;3;1;1;3;3;1;3;2;4;1;2;2;2;2;4;4;4;2;2;3;2;2;2;1;1;1;3;3;3;5;3;5;;4;2;1;2;1;1;1;2;1;2;1;;3;1;2;1;1;1;1;1;1;
751;13;0,77;2;1;1;24;2;;1;6;;4;5;2;3;5;1;4;2;3;1;4;5;4;4;5;1;3;1;4;3;1;3;4;2;4;2;4;3;2;2;2;2;1;1;3;2;3;3;1;3;3;3;3;4;4;3;2;2;3;3;2;3;2;3;1;3;2;3;3;2;3;2;3;2;2;2;3;2;1;3;2;3;3;2;3;2;2;2;2;3;4;3;1;4;3;2;3;2;1;4;4;4;4;3;1;2;;3;2;1;1;1;1;1;2;1;2;1;;3;2;1;2;2;1;1;1;1;
754;13;1,22;2;1;1;28;4;;1;1;;1;5;5;1;4;1;5;3;3;2;5;4;4;2;4;5;4;4;3;5;2;2;4;1;4;2;2;2;2;1;3;1;2;2;3;2;2;3;1;3;1;2;2;4;1;2;1;1;4;2;1;1;2;1;1;2;1;4;3;4;2;1;4;2;1;1;1;3;2;4;3;2;3;1;1;2;2;4;2;4;2;1;2;3;1;1;4;1;1;1;4;3;4;4;2;4;;4;2;1;2;1;1;2;1;1;2;1;;3;1;1;1;1;1;1;2;1;
757;13;0,49;2;1;1;27;2;;1;8;Bauwesen;4;4;3;4;4;2;3;3;3;2;4;4;4;3;4;5;2;4;3;1;3;2;3;2;2;3;2;4;2;4;2;1;4;1;4;2;2;3;3;4;3;4;3;4;4;4;2;1;4;3;2;2;2;2;3;3;3;3;2;3;4;3;2;2;4;2;3;2;2;3;2;3;3;1;4;2;3;2;2;1;3;2;2;3;3;2;2;1;1;2;3;3;4;2;2;1;;;;;;;;;;;;;;3;2;2;1;1;2;1;1;1;
763;13;1,17;2;1;1;31;3;;2;6;;1;3;3;4;4;3;2;2;2;2;3;4;4;4;4;2;3;4;2;4;3;2;2;2;4;2;3;3;2;3;2;4;3;2;3;3;2;3;3;4;4;3;3;3;3;3;2;2;3;3;2;1;4;3;3;2;2;2;3;4;2;3;4;2;3;2;2;3;2;2;2;3;3;1;3;3;3;2;2;3;3;2;3;4;3;2;2;2;3;3;3;3;3;2;1;1;;;;;;;;;;;;;;2;1;1;1;1;1;1;2;1;
764;13;1,62;2;1;1;54;2;;2;4;;4;4;2;3;4;2;4;4;4;4;4;4;4;2;4;4;3;4;4;4;3;2;3;2;2;2;2;3;2;2;2;2;2;2;3;2;2;2;3;3;3;3;2;3;2;3;2;2;2;2;2;1;2;2;3;2;3;2;2;2;3;2;3;2;2;1;3;2;3;2;3;2;3;3;3;2;3;2;1;2;3;2;2;3;2;2;2;2;2;3;3;2;2;4;1;4;;5;2;1;2;2;1;1;2;1;2;1;;3;1;1;1;2;1;1;1;1;
765;13;0,77;2;1;1;44;4;;1;6;;4;5;2;3;5;1;5;2;4;1;3;5;4;5;5;1;4;4;5;3;1;1;4;3;3;2;1;3;2;4;3;2;4;4;2;1;1;3;4;3;4;3;4;2;3;2;4;3;3;4;3;2;3;2;4;4;2;4;1;3;4;4;4;3;3;1;2;2;1;2;3;3;4;4;4;4;4;2;4;4;4;3;4;3;2;3;4;3;3;3;4;2;4;5;4;4;;6;2;2;2;1;1;2;1;1;2;2;Textabgleich, Zusammenfassungen, LLM für Spezifikationen;1;6;2;2;2;2;2;1;2;Eine Strategie, wie KI implementiert werden soll
771;13;1,06;2;1;1;32;5;Bachelor ;1;7;;1;4;5;1;5;2;5;5;1;2;1;4;4;4;5;5;4;4;4;5;5;1;3;1;4;1;2;4;1;1;4;1;4;1;1;1;1;2;4;4;4;3;4;4;4;4;1;1;3;3;4;2;2;3;4;3;3;3;1;4;4;4;1;3;3;1;2;2;1;3;4;1;4;1;3;3;4;2;1;1;3;4;3;4;4;1;4;3;1;3;3;4;4;4;1;2;;2;1;1;1;1;1;1;2;1;2;1;;2;1;1;2;1;1;1;1;1;
773;13;0,81;2;1;1;37;2;;2;3;;2;4;3;4;5;2;5;4;3;1;5;5;4;2;4;3;4;4;5;2;3;2;3;3;2;1;2;3;1;3;3;1;4;2;2;3;2;1;3;3;3;3;3;3;2;2;3;2;2;3;2;2;3;3;3;4;4;4;1;3;4;4;4;2;3;1;1;2;2;2;3;2;4;2;3;3;3;2;3;4;3;2;3;3;2;3;3;2;3;2;3;2;2;3;3;4;;5;1;2;2;1;1;1;2;2;2;1;;3;1;1;2;1;1;1;1;1;
774;13;1,17;2;1;1;39;4;;2;8;Immobilien und Energie;3;4;3;5;5;2;5;3;2;2;5;5;4;3;4;4;3;4;5;3;5;1;4;3;4;2;1;4;1;4;4;4;4;1;2;4;1;2;2;4;4;4;4;4;1;3;4;1;1;3;2;1;4;3;4;4;3;3;1;4;4;4;4;1;4;4;4;3;2;1;3;3;4;3;4;2;3;2;1;3;4;3;4;4;4;2;2;1;1;2;4;1;3;5;1;5;;3;2;1;2;1;1;1;2;1;1;1;;4;2;2;1;1;2;1;1;1;
775;13;0,7;2;1;2;52;4;;2;6;;3;5;3;4;4;3;4;3;4;3;4;4;4;4;4;4;3;4;4;4;3;2;2;2;3;2;3;3;2;3;3;2;3;2;3;2;2;2;2;4;4;3;3;4;3;3;2;2;3;2;2;2;4;3;3;4;4;3;2;3;2;3;3;2;2;2;1;3;2;2;2;2;3;2;4;1;3;2;3;2;2;3;3;1;2;3;2;2;2;2;3;3;3;4;2;4;;4;2;2;1;1;1;1;2;1;2;1;;3;3;1;1;2;2;2;1;1;
780;13;0,48;2;1;2;28;2;;1;1;;1;3;2;1;1;2;1;3;3;1;3;2;4;3;4;1;4;4;1;3;2;2;1;2;3;3;1;3;3;4;2;1;3;1;3;1;2;2;3;4;4;3;3;4;4;4;1;1;4;2;1;2;3;3;2;3;4;1;2;3;4;1;1;1;3;2;1;2;3;3;1;2;3;2;4;1;4;3;1;3;1;1;2;4;2;1;2;1;1;2;3;2;3;3;1;3;;3;1;1;1;1;1;2;2;1;2;1;;3;1;1;1;1;1;1;2;1;
783;13;0,53;2;1;1;41;4;;2;2;;4;4;4;2;4;2;4;4;3;3;3;4;4;4;4;3;2;4;3;3;4;2;3;3;2;1;2;2;2;2;3;2;1;3;3;1;2;2;2;2;3;2;2;3;3;3;2;2;2;2;2;2;2;1;2;3;3;3;2;2;3;2;2;2;2;2;3;3;3;2;2;2;3;1;2;3;2;2;1;2;2;3;2;3;3;2;3;2;2;2;2;3;3;3;3;2;;2;1;2;1;1;1;1;2;1;1;1;;3;1;1;1;1;1;1;2;1;
784;13;1,22;2;1;1;32;4;;1;8;Telekommunikation ;3;4;4;4;4;3;4;4;4;3;4;4;4;4;4;4;3;5;4;5;4;2;3;3;3;2;2;3;3;2;3;3;2;2;3;3;2;2;2;4;4;4;3;3;2;3;2;1;3;3;1;2;3;3;3;3;3;3;2;4;3;3;4;1;3;4;3;3;3;3;2;2;3;1;3;2;4;2;1;1;3;2;2;4;3;2;3;1;1;3;4;2;4;4;3;4;;3;1;1;1;1;1;1;2;2;2;1;;3;1;1;1;2;1;1;1;1;
792;13;1,22;2;1;2;27;2;;1;6;;4;4;3;3;5;3;4;3;2;3;4;4;4;4;4;2;3;3;3;2;2;3;3;4;4;4;3;4;3;3;3;2;4;2;3;3;3;3;3;3;3;3;3;3;3;3;3;3;3;3;3;3;3;4;3;4;3;3;3;3;3;3;3;3;3;2;3;3;2;3;2;3;3;2;3;3;3;2;2;2;3;3;3;3;3;3;3;3;3;3;3;3;3;3;1;2;;1;1;1;1;1;1;1;1;1;2;1;;2;1;1;1;1;1;2;1;1;
793;13;1,57;2;1;2;27;2;;2;1;;3;3;3;3;3;3;3;3;3;3;3;3;4;3;3;3;3;3;3;3;3;3;4;2;3;4;3;4;3;4;4;1;4;1;4;3;3;3;4;4;4;3;4;3;2;3;1;1;3;3;2;3;3;4;4;4;4;4;3;3;3;4;3;1;4;4;3;2;1;3;3;2;3;3;4;4;4;3;4;2;4;4;1;1;4;2;3;1;1;3;4;4;4;4;2;3;;3;1;1;1;2;1;1;2;1;2;1;;3;1;1;1;2;1;1;1;1;
804;13;0,99;2;1;1;30;4;;1;4;;4;5;4;4;5;4;4;4;4;4;4;5;4;4;4;4;3;4;4;4;4;2;2;3;2;2;2;3;2;3;3;2;3;2;2;1;2;2;4;3;3;3;2;4;3;3;2;2;1;2;2;3;3;2;3;2;3;3;1;3;3;2;3;3;2;3;3;2;2;2;3;3;3;1;3;2;3;3;1;2;2;3;3;3;3;3;3;2;2;2;3;2;3;4;2;4;;5;2;2;1;1;1;1;2;2;2;1;;3;5;2;2;2;2;2;1;1;
808;13;1,15;2;1;2;38;2;;1;6;;3;4;3;1;4;3;4;3;4;3;3;4;4;2;4;3;3;3;4;2;2;2;3;3;4;3;2;4;3;4;3;2;4;3;3;2;2;2;4;4;4;4;4;3;3;3;3;2;4;1;2;2;4;3;3;3;3;4;2;3;4;4;3;2;4;1;3;2;2;2;2;3;2;1;4;3;3;3;2;2;4;4;3;4;3;3;3;2;2;3;4;3;4;2;1;2;;5;1;1;1;2;2;1;2;2;2;1;;3;2;2;1;2;1;1;1;1;
810;13;0,62;2;1;2;38;3;;2;7;;4;3;2;3;4;3;3;2;3;1;4;4;4;3;4;2;3;3;3;2;1;2;2;1;3;2;3;3;3;3;4;1;2;1;4;1;2;2;2;3;4;3;3;4;2;3;1;1;3;3;2;2;2;2;2;4;3;3;2;3;3;2;3;2;2;2;1;2;2;2;3;2;3;2;3;1;4;4;2;2;4;1;2;3;3;1;2;2;1;2;4;3;3;2;1;2;;2;1;2;1;1;1;1;2;1;1;1;;3;1;1;1;1;1;1;2;1;
811;13;1,35;2;1;1;35;3;;1;6;;4;5;4;5;5;4;5;3;1;1;5;5;4;5;5;4;5;5;5;5;1;3;4;3;2;1;3;3;1;2;2;1;3;1;4;2;2;2;3;4;4;3;3;4;2;4;1;1;3;3;1;2;3;3;4;4;3;2;1;2;3;1;3;1;3;2;2;1;1;2;2;4;2;1;4;3;2;3;1;1;2;3;2;4;2;2;1;1;1;1;4;4;3;4;2;3;;2;1;1;2;1;1;1;1;1;2;1;;2;1;1;1;2;1;1;1;1;
812;13;1,58;2;1;2;22;3;;1;1;;4;3;4;2;5;3;4;2;5;3;2;4;4;3;4;3;2;4;3;4;4;1;1;3;1;1;1;3;3;2;4;1;3;1;3;1;1;1;2;4;3;4;4;3;2;3;2;2;2;2;2;2;4;2;3;3;3;3;1;2;4;4;2;1;3;3;2;2;3;1;1;4;4;2;4;1;3;1;2;1;3;2;3;3;2;2;2;1;1;2;3;3;4;4;3;2;;1;1;1;1;1;1;1;1;1;2;1;;3;1;2;1;1;1;1;1;1;
813;13;0,69;2;1;2;28;4;;1;4;;4;5;3;4;5;1;5;2;1;1;5;5;4;4;5;2;4;2;5;3;3;3;2;2;4;2;2;4;3;3;4;3;4;1;3;2;2;2;3;4;4;4;3;3;2;3;2;2;3;2;1;4;3;3;4;4;3;4;1;4;4;3;4;2;3;3;3;2;1;2;4;3;4;3;4;1;4;2;3;3;3;2;2;4;3;2;3;1;1;3;4;4;3;5;3;5;;6;1;2;1;1;1;2;2;2;2;2;Übersetzung;4;1;1;1;1;1;1;2;1;
821;13;0,65;2;1;2;56;3;;1;8;Chemische Industrie ;1;4;3;2;4;4;1;1;2;1;5;4;4;2;4;2;4;2;1;1;2;3;3;1;4;3;3;2;3;2;2;1;1;1;4;2;3;4;1;3;3;3;3;4;2;4;1;1;3;2;3;1;3;3;1;3;3;1;3;3;3;1;3;1;1;3;1;2;2;4;1;4;3;2;4;1;4;3;1;3;3;3;1;4;3;1;1;1;1;3;4;4;2;1;;1;1;;;;;;;;;;;;;1;1;2;1;1;1;1;1;1;
830;13;0,98;2;1;1;37;4;;2;8;Energieversorgung;3;4;3;2;4;2;5;5;4;4;5;5;4;4;4;5;3;4;5;5;2;1;3;1;3;2;1;4;2;3;3;2;4;1;2;2;1;2;3;3;4;3;4;4;3;3;1;1;2;2;1;3;3;3;4;4;3;2;1;2;4;3;4;1;3;4;3;3;2;1;3;3;4;3;4;1;4;4;4;3;3;1;3;4;4;2;1;1;1;3;3;3;2;5;3;5;;3;1;2;1;1;1;1;2;1;2;1;;3;5;2;2;2;2;2;1;1;
847;13;1,22;2;1;2;31;2;;1;4;;4;4;3;4;5;3;5;4;4;4;5;5;4;4;4;4;4;4;5;4;5;2;1;2;3;3;3;3;3;2;3;1;2;2;4;2;2;3;2;3;3;3;3;3;4;4;2;1;4;2;2;2;2;2;2;3;2;3;3;3;3;3;3;2;2;3;2;2;3;3;2;3;4;4;3;3;4;3;3;2;4;3;2;4;3;1;3;2;2;3;3;4;3;4;2;4;;4;1;2;2;1;1;1;2;1;2;1;;2;4;2;2;2;2;1;1;1;
859;13;0,85;2;1;1;48;4;;2;8;Energiewirtschaft;5;4;1;3;5;4;4;3;2;1;4;4;4;4;5;3;5;2;5;4;3;1;3;2;3;2;1;4;2;4;2;3;4;4;3;4;2;2;4;3;4;3;4;4;3;3;1;1;3;4;2;3;4;3;4;4;4;3;1;4;3;3;4;2;4;4;4;3;3;1;1;3;3;3;4;4;3;3;2;3;3;2;3;4;4;3;3;3;2;4;4;4;4;4;2;4;;3;1;2;1;1;1;1;2;1;2;1;;4;2;2;2;1;1;1;1;1;
866;13;0,88;2;1;2;33;3;;1;8;Energie;3;4;3;2;4;3;4;4;4;3;3;4;4;2;4;4;2;4;4;4;3;3;2;3;2;3;3;3;3;3;4;1;2;2;4;2;4;3;3;3;3;3;3;2;3;4;2;1;3;2;3;3;3;3;3;2;3;3;3;2;4;3;3;1;2;3;3;2;2;3;2;2;4;3;3;2;3;2;2;2;3;3;2;3;4;2;2;2;2;3;3;3;3;4;1;4;;2;1;2;1;1;1;1;1;1;2;1;;3;3;2;1;2;1;2;1;1;
881;13;0,91;2;1;1;32;4;;2;1;;1;3;4;3;5;4;4;4;4;4;4;4;4;4;5;4;4;4;4;4;4;2;4;3;2;2;3;2;2;2;2;3;3;2;3;2;3;3;2;2;3;2;3;3;2;3;2;2;2;3;3;2;2;2;2;3;3;2;2;2;3;3;3;2;3;2;3;3;2;3;1;2;3;1;3;4;2;2;1;1;2;2;2;3;2;3;2;3;1;3;3;3;3;3;2;2;;5;2;2;2;1;1;1;2;2;1;1;;3;4;2;2;1;2;2;1;1;
887;13;0,59;2;1;2;47;3;;2;8;Industrie ;5;5;5;5;5;4;5;5;5;5;5;5;4;5;5;5;5;5;5;5;5;3;1;1;3;3;3;2;3;3;4;2;2;2;4;4;3;3;2;4;3;4;4;4;4;4;3;2;3;1;1;4;4;4;2;4;4;4;3;3;4;3;3;1;3;3;2;3;2;3;4;3;4;3;3;1;4;2;4;4;4;1;2;4;2;1;2;2;1;3;4;4;3;5;3;5;;7;2;2;2;2;1;1;2;2;2;1;;1;3;1;2;2;1;2;1;1;
888;13;1,22;2;1;2;42;3;;1;6;;5;5;4;4;5;4;4;3;4;4;4;5;4;4;5;5;4;5;5;4;3;2;3;2;1;2;2;3;2;3;3;1;3;2;3;3;2;2;3;3;3;3;4;4;2;2;2;2;2;2;1;2;3;3;2;3;3;4;1;3;4;2;3;1;3;3;2;3;3;2;3;2;3;2;3;1;4;3;1;2;4;2;1;4;3;2;3;1;1;3;3;3;4;3;2;3;;3;1;2;1;2;1;1;2;1;1;1;;3;2;1;2;2;1;1;1;1;
893;13;0,74;2;1;2;42;4;;2;7;;2;5;4;3;4;2;4;2;4;2;4;4;4;4;5;4;3;4;4;4;4;2;3;4;2;2;3;3;2;3;2;2;3;2;2;2;3;4;3;3;4;3;4;4;2;3;3;3;4;4;3;3;3;3;4;4;3;4;2;3;4;2;2;3;3;2;2;3;2;3;3;3;4;2;4;4;4;4;2;2;3;4;4;4;3;2;3;1;2;3;4;3;4;4;2;3;;1;1;1;1;1;1;1;2;1;1;1;;2;2;1;2;2;1;1;1;1;
894;13;0,93;2;1;1;27;4;;1;4;;3;5;3;2;5;2;5;4;4;4;4;5;4;4;5;4;5;5;5;4;5;2;3;2;4;2;3;4;2;3;4;3;3;1;2;3;2;3;4;4;4;4;4;3;1;1;2;2;3;4;2;2;3;3;3;4;3;2;1;2;4;1;3;1;3;4;4;2;2;3;3;3;4;1;4;3;3;2;2;2;3;2;1;4;4;2;2;1;1;2;4;2;4;5;3;5;;5;1;2;1;1;2;1;2;2;2;1;;4;3;2;2;2;1;1;1;1;
897;13;1,01;2;1;2;29;4;;1;6;;4;5;4;5;5;3;5;4;2;4;5;5;4;4;4;4;5;4;4;4;2;3;1;2;3;3;2;4;2;4;4;2;3;1;4;3;2;2;3;4;4;4;4;4;3;4;1;1;3;2;1;3;4;3;3;4;3;2;3;3;3;2;3;2;3;4;4;3;4;3;2;3;3;3;4;2;4;3;1;2;3;1;1;4;4;1;1;1;1;3;4;3;3;4;3;2;;2;1;2;1;1;1;1;1;1;2;1;;3;1;2;1;1;1;1;1;1;
900;13;0,76;2;1;2;42;2;;2;6;;1;4;4;2;4;2;2;3;2;2;2;3;4;2;4;2;2;2;3;3;2;1;2;2;2;2;2;3;2;2;4;2;3;2;3;2;2;2;2;4;4;4;3;3;2;3;3;3;2;1;2;3;3;3;3;3;3;3;2;4;4;4;4;3;3;2;3;3;3;3;2;4;4;3;4;1;4;4;3;2;3;2;4;3;3;2;4;2;2;2;4;2;4;2;1;2;;2;2;1;1;1;1;1;2;1;1;1;;3;1;1;1;1;1;1;2;1;
906;13;0,87;2;1;1;23;2;;1;8;Chemieindustrie;4;5;3;4;5;3;5;4;4;4;5;5;4;5;5;5;3;5;5;3;3;2;3;2;3;2;2;3;3;2;3;1;2;1;3;2;2;1;3;4;4;3;4;4;2;3;4;2;2;3;2;3;4;3;2;3;4;3;2;3;3;2;3;3;2;2;3;4;1;3;3;3;3;2;4;2;4;4;3;3;2;2;3;3;2;1;2;2;2;2;4;3;1;3;2;5;;4;2;2;1;1;1;1;1;1;2;2;Übersetzung ;3;1;1;1;1;1;1;1;2;Schnelleres Vorantreiben und Nutzen von KI Fähigkeiten
907;13;0,85;2;1;1;39;2;;1;6;;2;4;3;4;5;2;2;2;2;2;4;4;4;4;5;2;4;4;3;3;2;3;2;2;3;2;2;3;3;3;2;1;3;2;4;4;3;2;3;4;4;4;3;3;3;4;2;1;3;2;2;3;4;4;3;3;3;3;2;3;3;2;3;2;3;4;2;3;3;3;2;3;2;2;4;2;3;2;2;3;3;2;2;3;4;2;3;2;1;3;4;3;3;3;2;2;;3;1;2;1;1;1;1;2;1;2;1;;3;3;2;2;2;1;1;1;1;
913;13;1,55;2;1;2;32;4;;1;6;;2;4;4;4;4;2;4;4;4;4;4;4;4;4;4;4;4;4;4;4;4;3;3;3;3;3;3;3;3;2;3;2;2;2;3;3;3;3;2;2;3;2;3;3;3;3;2;2;3;3;2;2;2;2;2;2;3;3;3;3;3;2;2;2;2;2;2;2;2;3;2;4;3;1;4;3;3;3;2;2;3;3;2;3;3;2;3;2;2;2;3;3;3;5;3;3;;2;1;1;1;1;1;1;2;1;2;1;;3;3;2;2;2;1;1;1;1;
914;13;1,44;2;1;1;50;3;;2;1;;4;5;3;4;4;1;4;4;3;1;4;5;4;4;5;4;4;4;5;4;5;2;3;3;2;2;2;3;2;2;3;2;3;2;3;3;3;1;2;4;3;3;3;4;3;4;4;3;3;3;2;2;2;2;2;2;4;3;1;3;3;2;3;3;1;2;2;3;2;1;3;2;4;3;4;3;2;4;3;4;2;3;3;3;2;3;3;3;3;3;3;3;3;5;2;5;;4;1;2;2;1;1;1;2;1;2;1;;4;1;1;1;1;1;1;2;1;
919;13;1,55;2;1;2;28;4;;1;1;;4;4;2;4;5;2;4;3;4;4;4;5;4;2;4;3;2;3;4;4;4;2;3;2;2;2;2;4;3;2;3;4;4;1;3;4;2;2;3;3;3;3;4;4;3;4;2;3;1;2;2;1;2;4;4;4;4;2;2;3;4;2;2;2;3;1;4;2;2;3;2;3;3;3;3;2;3;2;1;1;3;3;3;3;4;2;2;1;1;3;3;3;3;4;2;4;;5;2;2;1;2;1;1;2;1;2;1;;3;2;2;1;1;1;2;1;1;
920;13;1,4;2;1;2;25;4;;1;8;Chemiebranche;4;4;3;3;4;2;5;2;2;3;4;4;4;4;4;3;4;3;4;4;3;3;2;3;3;3;2;3;3;2;2;2;2;2;4;4;2;2;2;3;3;3;2;3;3;4;3;3;3;2;3;4;4;2;2;3;3;3;2;4;2;3;4;3;2;2;3;3;3;2;2;4;3;2;3;2;2;2;3;2;3;3;3;4;2;3;3;3;2;4;4;4;1;4;3;3;;7;2;2;2;2;1;1;2;2;2;1;;3;3;1;1;2;2;2;1;1;
923;13;1,53;2;1;1;36;2;;1;6;;5;4;4;4;4;2;5;4;4;4;4;4;4;4;4;4;4;4;4;4;4;2;3;3;2;2;3;3;2;2;2;2;2;2;3;3;2;2;2;3;3;3;3;3;3;3;2;2;2;3;2;3;3;3;2;2;2;3;2;3;3;2;3;2;2;2;2;3;3;2;2;3;3;3;2;3;2;2;2;3;3;2;2;3;2;2;3;2;2;3;3;3;3;5;3;4;;6;1;2;2;2;1;1;2;2;2;1;;3;1;1;1;1;2;1;1;1;
925;13;1,57;2;1;2;43;2;;1;3;;5;3;3;4;4;3;3;3;3;3;4;3;4;3;4;3;3;3;3;2;3;4;3;1;4;4;4;2;4;2;1;1;2;1;4;4;4;4;2;4;4;4;3;3;4;4;1;1;4;3;1;3;2;4;2;4;3;2;3;4;2;2;3;1;2;2;1;2;2;3;1;2;2;2;4;1;3;3;1;1;3;1;1;4;2;1;1;1;1;4;4;4;3;2;2;2;;1;1;1;1;1;1;1;2;1;1;1;;3;1;1;1;1;1;1;2;1;
927;13;1,2;2;1;1;30;2;;1;3;;1;3;2;4;4;2;4;3;4;4;3;4;4;1;4;4;2;4;3;4;3;1;4;3;2;2;2;4;3;3;3;4;4;2;3;1;2;2;3;3;3;4;3;4;3;3;3;2;3;3;2;2;3;3;3;4;3;3;2;2;3;4;3;2;4;1;4;2;2;2;2;3;3;4;3;3;3;2;3;3;4;3;2;3;4;4;3;3;2;2;3;3;3;3;2;1;;;;;;;;;;;;;;1;2;2;2;1;1;1;1;1;
934;13;1,62;2;1;1;38;4;;2;1;;5;4;4;5;5;2;5;4;2;2;5;5;4;5;5;5;4;2;5;2;2;3;4;2;3;3;4;3;3;3;3;2;2;1;3;3;3;3;3;3;4;3;3;3;2;3;2;2;3;4;2;1;3;2;3;3;2;2;3;3;3;2;3;2;3;2;3;2;2;3;3;3;3;3;3;3;2;2;2;1;3;2;2;4;3;2;2;3;1;3;3;3;4;4;2;5;;2;1;1;1;1;1;1;2;1;2;1;;2;3;1;2;2;1;2;1;1;
936;13;0,67;2;1;2;35;4;;2;8;Musik ;2;3;3;3;3;3;3;3;3;3;3;3;3;3;3;3;3;3;3;3;3;3;1;2;4;2;3;4;2;4;2;2;4;2;3;4;3;2;4;3;4;3;4;4;3;4;3;1;4;2;3;2;3;3;4;3;3;2;1;4;4;3;2;1;3;2;2;3;1;2;3;1;3;3;4;1;3;2;3;2;3;3;3;4;4;2;2;3;2;3;4;3;2;2;1;1;;;;;;;;;;;;;;3;1;1;2;1;1;1;1;1;
939;13;1,66;2;1;1;56;4;;2;4;;5;5;3;5;5;4;5;4;4;2;5;5;4;5;5;5;5;5;5;4;3;4;4;4;4;3;4;2;3;3;2;1;4;2;4;4;4;4;1;4;4;4;4;4;4;4;4;2;4;4;3;1;2;4;3;4;2;4;3;4;3;3;3;3;2;1;1;2;3;3;1;4;2;1;4;2;2;1;1;2;4;4;4;4;1;4;4;1;4;4;4;4;4;3;2;5;;3;1;1;2;1;1;1;2;1;2;1;;3;1;1;2;1;1;1;1;1;
940;13;1,55;2;1;2;43;2;;1;6;;2;4;2;2;2;2;2;2;4;2;2;2;4;2;4;2;2;2;2;3;3;3;4;2;3;3;3;3;3;3;3;1;2;2;4;4;3;3;3;3;3;3;3;3;3;3;2;1;4;3;2;3;3;3;2;3;3;2;3;3;3;1;2;1;2;2;2;2;3;3;2;3;3;3;3;3;3;3;3;2;3;2;2;3;2;2;2;2;2;3;3;3;3;1;;2;2;1;1;1;1;1;1;1;1;1;2;1;;3;3;2;1;2;2;1;1;1;
